-- phpMyAdmin SQL Dump
-- version 4.4.14
-- http://www.phpmyadmin.net
--
-- Client :  localhost
-- Généré le :  Jeu 10 Décembre 2015 à 22:29
-- Version du serveur :  5.5.46-0+deb8u1
-- Version de PHP :  5.6.14-0+deb8u1

SET SQL_MODE = "NO_AUTO_VALUE_ON_ZERO";
SET time_zone = "+00:00";

--
-- Base de données :  `symfonyproduct`
--

-- --------------------------------------------------------

--
-- Structure de la table `attribute_set`
--

CREATE TABLE IF NOT EXISTS `attribute_set` (
  `id` int(11) NOT NULL,
  `magento_id` int(11) DEFAULT NULL,
  `created_at` datetime NOT NULL,
  `updated_at` datetime NOT NULL,
  `name` varchar(255) COLLATE utf8_unicode_ci NOT NULL
) ENGINE=InnoDB AUTO_INCREMENT=11 DEFAULT CHARSET=utf8 COLLATE=utf8_unicode_ci;

--
-- Contenu de la table `attribute_set`
--

INSERT INTO `attribute_set` (`id`, `magento_id`, `created_at`, `updated_at`, `name`) VALUES
(1, 59, '2015-12-02 14:35:30', '2015-12-02 14:35:30', 'Accessoires Apple'),
(2, 65, '2015-12-02 14:35:30', '2015-12-02 14:35:30', 'affiches/toiles'),
(3, 63, '2015-12-02 14:35:30', '2015-12-02 14:35:30', 'cartes'),
(4, 64, '2015-12-02 14:35:30', '2015-12-02 14:35:30', 'coques iPhone'),
(5, 62, '2015-12-02 14:35:30', '2015-12-02 14:35:30', 'maroquinerie'),
(6, 66, '2015-12-02 14:35:30', '2015-12-02 14:35:30', 'photos'),
(7, 60, '2015-12-02 14:35:30', '2015-12-02 14:35:30', 'Prêt à Porter'),
(8, 9, '2015-12-02 14:35:30', '2015-12-02 14:35:30', 'produit Raaad'),
(9, 68, '2015-12-02 14:35:30', '2015-12-02 14:35:30', 'sweaters'),
(10, 69, '2015-12-02 14:35:30', '2015-12-02 14:35:30', 'textile');

-- --------------------------------------------------------

--
-- Structure de la table `category`
--

CREATE TABLE IF NOT EXISTS `category` (
  `id` int(11) NOT NULL,
  `parent_id` int(11) DEFAULT NULL,
  `magento_id` int(11) DEFAULT NULL,
  `created_at` datetime NOT NULL,
  `updated_at` datetime NOT NULL,
  `name` varchar(255) COLLATE utf8_unicode_ci NOT NULL
) ENGINE=InnoDB AUTO_INCREMENT=171 DEFAULT CHARSET=utf8 COLLATE=utf8_unicode_ci;

--
-- Contenu de la table `category`
--

INSERT INTO `category` (`id`, `parent_id`, `magento_id`, `created_at`, `updated_at`, `name`) VALUES
(1, NULL, 1, '2015-12-02 14:35:31', '2015-12-02 14:35:31', 'Racine'),
(2, 1, 3, '2015-12-02 14:35:31', '2015-12-02 14:35:31', 'Rad'),
(3, 2, 406, '2015-12-02 14:35:31', '2015-12-02 14:35:31', 'Brands'),
(4, 3, 196, '2015-12-02 14:35:31', '2015-12-02 14:35:31', 'KRIS TATE'),
(5, 3, 325, '2015-12-02 14:35:31', '2015-12-02 14:35:31', 'FAUX'),
(6, 3, 331, '2015-12-02 14:35:31', '2015-12-02 14:35:31', 'LE FABULEUX SHAMAN'),
(7, 3, 317, '2015-12-02 14:35:31', '2015-12-02 14:35:31', 'TAKK'),
(8, 3, 330, '2015-12-02 14:35:31', '2015-12-02 14:35:31', 'ROYALS'),
(9, 3, 324, '2015-12-02 14:35:31', '2015-12-02 14:35:31', 'VISUAL PONDERLAND'),
(10, 3, 318, '2015-12-02 14:35:31', '2015-12-02 14:35:31', 'ORIGINAL CAT HOUSE'),
(11, 3, 323, '2015-12-02 14:35:31', '2015-12-02 14:35:31', 'SAINTE JEANNE'),
(12, 3, 322, '2015-12-02 14:35:31', '2015-12-02 14:35:31', 'BIG CITY'),
(13, 3, 327, '2015-12-02 14:35:31', '2015-12-02 14:35:31', 'POWER'),
(14, 3, 315, '2015-12-02 14:35:31', '2015-12-02 14:35:31', 'WORDS BRAND'),
(15, 3, 298, '2015-12-02 14:35:31', '2015-12-02 14:35:31', 'HOUSE OF WONDERLAND'),
(16, 3, 299, '2015-12-02 14:35:31', '2015-12-02 14:35:31', 'LUNAR KITTY'),
(17, 3, 300, '2015-12-02 14:35:31', '2015-12-02 14:35:31', 'WOLVES'),
(18, 3, 301, '2015-12-02 14:35:31', '2015-12-02 14:35:31', 'MELTED'),
(19, 3, 302, '2015-12-02 14:35:31', '2015-12-02 14:35:31', 'ROUGE'),
(20, 3, 304, '2015-12-02 14:35:31', '2015-12-02 14:35:31', 'MILLION BILLION'),
(21, 3, 305, '2015-12-02 14:35:31', '2015-12-02 14:35:31', 'WEED & CUPCAKE'),
(22, 3, 306, '2015-12-02 14:35:31', '2015-12-02 14:35:31', 'CLUB PETANQUE'),
(23, 3, 307, '2015-12-02 14:35:31', '2015-12-02 14:35:31', 'QUIETE IUVENTAE'),
(24, 3, 310, '2015-12-02 14:35:31', '2015-12-02 14:35:31', 'ASSAULT PARIS'),
(25, 3, 312, '2015-12-02 14:35:31', '2015-12-02 14:35:31', 'KILLER CONDO'),
(26, 3, 314, '2015-12-02 14:35:31', '2015-12-02 14:35:31', 'DMA CLOTHING'),
(27, 3, 332, '2015-12-02 14:35:31', '2015-12-02 14:35:31', 'OUTFIT OF LOVE'),
(28, 3, 333, '2015-12-02 14:35:31', '2015-12-02 14:35:31', 'FLY ART'),
(29, 3, 389, '2015-12-02 14:35:31', '2015-12-02 14:35:31', 'TH GALLERY'),
(30, 3, 384, '2015-12-02 14:35:31', '2015-12-02 14:35:31', 'BEYOND CLOTHING'),
(31, 3, 385, '2015-12-02 14:35:31', '2015-12-02 14:35:31', 'TOGETHER PARIS'),
(32, 3, 386, '2015-12-02 14:35:31', '2015-12-02 14:35:31', 'ACID CLOTHING'),
(33, 3, 387, '2015-12-02 14:35:31', '2015-12-02 14:35:31', 'SANTA MUERTE CREATIONS'),
(34, 3, 388, '2015-12-02 14:35:31', '2015-12-02 14:35:31', 'WE ARE HAIRY PEOPLE'),
(35, 3, 399, '2015-12-02 14:35:31', '2015-12-02 14:35:31', 'REAL OGs'),
(36, 3, 404, '2015-12-02 14:35:31', '2015-12-02 14:35:31', 'COPA DO MUNDO'),
(37, 3, 405, '2015-12-02 14:35:31', '2015-12-02 14:35:31', 'BITCH SOCCER TEAM'),
(38, 3, 334, '2015-12-02 14:35:31', '2015-12-02 14:35:31', 'WOWCH'),
(39, 3, 335, '2015-12-02 14:35:31', '2015-12-02 14:35:31', 'REMARQUE'),
(40, 3, 336, '2015-12-02 14:35:31', '2015-12-02 14:35:31', 'FRANKIE PHOENIX'),
(41, 3, 337, '2015-12-02 14:35:31', '2015-12-02 14:35:31', 'KNOWLITA'),
(42, 3, 338, '2015-12-02 14:35:31', '2015-12-02 14:35:31', 'PRSDNTS CLUB'),
(43, 3, 339, '2015-12-02 14:35:31', '2015-12-02 14:35:31', 'SOUVENIR PERDU'),
(44, 3, 340, '2015-12-02 14:35:31', '2015-12-02 14:35:31', 'PONY BOY'),
(45, 3, 341, '2015-12-02 14:35:31', '2015-12-02 14:35:31', 'IVORY JAR'),
(46, 3, 342, '2015-12-02 14:35:31', '2015-12-02 14:35:31', 'MUTANT MINDS'),
(47, 3, 343, '2015-12-02 14:35:31', '2015-12-02 14:35:31', 'CASHLETES'),
(48, 3, 200, '2015-12-02 14:35:31', '2015-12-02 14:35:31', 'WRDBNR'),
(49, 3, 207, '2015-12-02 14:35:31', '2015-12-02 14:35:31', 'BATCAT'),
(50, 3, 217, '2015-12-02 14:35:31', '2015-12-02 14:35:31', 'FLUOR'),
(51, 3, 220, '2015-12-02 14:35:31', '2015-12-02 14:35:31', 'WASTED RITA'),
(52, 3, 222, '2015-12-02 14:35:31', '2015-12-02 14:35:31', 'FELIPE BARBOSA'),
(53, 3, 225, '2015-12-02 14:35:31', '2015-12-02 14:35:31', 'BIANCA GREEN'),
(54, 3, 228, '2015-12-02 14:35:31', '2015-12-02 14:35:31', 'VASARE NAR'),
(55, 3, 230, '2015-12-02 14:35:31', '2015-12-02 14:35:31', 'POM GRAPHIC DESIGN'),
(56, 3, 249, '2015-12-02 14:35:31', '2015-12-02 14:35:31', 'CHARLY CLEMENTS'),
(57, 3, 250, '2015-12-02 14:35:31', '2015-12-02 14:35:31', 'ROCA BALBOA'),
(58, 3, 253, '2015-12-02 14:35:31', '2015-12-02 14:35:31', 'MULGA'),
(59, 3, 254, '2015-12-02 14:35:31', '2015-12-02 14:35:31', 'SAM TAYLOR'),
(60, 3, 206, '2015-12-02 14:35:31', '2015-12-02 14:35:31', 'JORDAN CLARK'),
(61, 3, 205, '2015-12-02 14:35:31', '2015-12-02 14:35:31', 'ASHLEY PERCIVAL'),
(62, 3, 204, '2015-12-02 14:35:31', '2015-12-02 14:35:31', 'LEAH FLORES'),
(63, 3, 198, '2015-12-02 14:35:31', '2015-12-02 14:35:31', 'BETH HOECKEL'),
(64, 3, 197, '2015-12-02 14:35:31', '2015-12-02 14:35:31', 'JAMIE MITCHELL'),
(65, 3, 199, '2015-12-02 14:35:31', '2015-12-02 14:35:31', 'NICK COCOZZA'),
(66, 3, 201, '2015-12-02 14:35:31', '2015-12-02 14:35:31', 'SANDRA DIECKMANN'),
(67, 3, 202, '2015-12-02 14:35:31', '2015-12-02 14:35:31', 'TERRY FAN'),
(68, 3, 203, '2015-12-02 14:35:31', '2015-12-02 14:35:31', 'DANNY IVAN'),
(69, 3, 255, '2015-12-02 14:35:31', '2015-12-02 14:35:31', 'HOES OUT'),
(70, 3, 297, '2015-12-02 14:35:31', '2015-12-02 14:35:31', 'YAWN'),
(71, 3, 274, '2015-12-02 14:35:31', '2015-12-02 14:35:31', 'CHRIS WHARTON'),
(72, 3, 275, '2015-12-02 14:35:31', '2015-12-02 14:35:31', 'DARIO NUNEZ'),
(73, 3, 276, '2015-12-02 14:35:31', '2015-12-02 14:35:31', 'JOOJAEBUM'),
(74, 3, 288, '2015-12-02 14:35:31', '2015-12-02 14:35:31', 'BANDID8'),
(75, 3, 277, '2015-12-02 14:35:31', '2015-12-02 14:35:31', 'LISA CHRISTOPHEL'),
(76, 3, 278, '2015-12-02 14:35:31', '2015-12-02 14:35:31', 'SAMUEL ECKERT'),
(77, 3, 279, '2015-12-02 14:35:31', '2015-12-02 14:35:31', 'GONE'),
(78, 3, 280, '2015-12-02 14:35:31', '2015-12-02 14:35:31', 'RAY MASAKI'),
(79, 3, 283, '2015-12-02 14:35:31', '2015-12-02 14:35:31', 'PETER SHARP'),
(80, 3, 284, '2015-12-02 14:35:31', '2015-12-02 14:35:31', 'MARGA LOPEZ'),
(81, 3, 296, '2015-12-02 14:35:31', '2015-12-02 14:35:31', 'NICOLAS YACOP'),
(82, 3, 273, '2015-12-02 14:35:31', '2015-12-02 14:35:31', 'BALASZ SOLTI'),
(83, 3, 272, '2015-12-02 14:35:31', '2015-12-02 14:35:31', 'ANTON MARRAST'),
(84, 3, 262, '2015-12-02 14:35:31', '2015-12-02 14:35:31', 'TROPICOOL'),
(85, 3, 260, '2015-12-02 14:35:31', '2015-12-02 14:35:31', 'SMILEY CIRCUS'),
(86, 3, 263, '2015-12-02 14:35:31', '2015-12-02 14:35:31', 'FLAGSTAFF'),
(87, 3, 259, '2015-12-02 14:35:31', '2015-12-02 14:35:31', 'HELENA HAUSS'),
(88, 3, 258, '2015-12-02 14:35:31', '2015-12-02 14:35:31', 'CHRISTOPHER LEE SAUVE'),
(89, 3, 264, '2015-12-02 14:35:31', '2015-12-02 14:35:31', 'GOGOPOREN'),
(90, 3, 257, '2015-12-02 14:35:31', '2015-12-02 14:35:31', 'WTF'),
(91, 3, 266, '2015-12-02 14:35:31', '2015-12-02 14:35:31', 'JANE MIRAISE'),
(92, 3, 256, '2015-12-02 14:35:31', '2015-12-02 14:35:31', 'KRISTOPHER KOTCHER'),
(93, 3, 270, '2015-12-02 14:35:31', '2015-12-02 14:35:31', 'ANDRES YEAH'),
(94, 3, 268, '2015-12-02 14:35:31', '2015-12-02 14:35:31', 'REVENGE OF THE KITTENS'),
(95, 3, 269, '2015-12-02 14:35:31', '2015-12-02 14:35:31', 'TYLER DALE'),
(96, 3, 416, '2015-12-02 14:35:31', '2015-12-02 14:35:31', 'IAN STEVENSON'),
(97, 2, 171, '2015-12-02 14:35:31', '2015-12-02 14:35:31', 'ACCESSOIRES'),
(98, 97, 320, '2015-12-02 14:35:31', '2015-12-02 14:35:31', 'Totebags'),
(99, 97, 321, '2015-12-02 14:35:31', '2015-12-02 14:35:31', 'Coques'),
(100, 2, 91, '2015-12-02 14:35:31', '2015-12-02 14:35:31', 'WOMEN'),
(101, 100, 92, '2015-12-02 14:35:31', '2015-12-02 14:35:31', 'Sweaters'),
(102, 100, 108, '2015-12-02 14:35:31', '2015-12-02 14:35:31', 'T-shirts'),
(103, 100, 311, '2015-12-02 14:35:31', '2015-12-02 14:35:31', 'Tops'),
(104, 2, 123, '2015-12-02 14:35:31', '2015-12-02 14:35:31', 'MEN'),
(105, 104, 124, '2015-12-02 14:35:31', '2015-12-02 14:35:31', 'Sweaters'),
(106, 104, 139, '2015-12-02 14:35:31', '2015-12-02 14:35:31', 'T-shirts'),
(107, 104, 413, '2015-12-02 14:35:31', '2015-12-02 14:35:31', 'Tank tops'),
(108, 2, 408, '2015-12-02 14:35:31', '2015-12-02 14:35:31', 'NEW'),
(109, 2, 410, '2015-12-02 14:35:31', '2015-12-02 14:35:31', 'SOLDES'),
(110, 2, 411, '2015-12-02 14:35:31', '2015-12-02 14:35:31', 'T-SHIRTS'),
(111, 2, 412, '2015-12-02 14:35:31', '2015-12-02 14:35:31', 'SWEATERS'),
(112, 2, 418, '2015-12-02 14:35:31', '2015-12-02 14:35:31', 'Test Import'),
(113, 1, 182, '2015-12-02 14:35:31', '2015-12-02 14:35:31', 'Rad U.S.'),
(114, 113, 344, '2015-12-02 14:35:31', '2015-12-02 14:35:31', 'Women'),
(115, 114, 347, '2015-12-02 14:35:31', '2015-12-02 14:35:31', 'T-shirts'),
(116, 114, 348, '2015-12-02 14:35:31', '2015-12-02 14:35:31', 'Sweaters'),
(117, 114, 349, '2015-12-02 14:35:31', '2015-12-02 14:35:31', 'Tops'),
(118, 113, 345, '2015-12-02 14:35:31', '2015-12-02 14:35:31', 'Men'),
(119, 118, 351, '2015-12-02 14:35:31', '2015-12-02 14:35:31', 'T-shirts'),
(120, 118, 352, '2015-12-02 14:35:31', '2015-12-02 14:35:31', 'Sweaters'),
(121, 118, 377, '2015-12-02 14:35:31', '2015-12-02 14:35:31', 'Tank tops'),
(122, 113, 378, '2015-12-02 14:35:31', '2015-12-02 14:35:31', 'Accessories'),
(123, 122, 379, '2015-12-02 14:35:31', '2015-12-02 14:35:31', 'Totebags'),
(124, 113, 346, '2015-12-02 14:35:31', '2015-12-02 14:35:31', 'New'),
(125, 113, 353, '2015-12-02 14:35:31', '2015-12-02 14:35:31', 'Brands'),
(126, 125, 354, '2015-12-02 14:35:31', '2015-12-02 14:35:31', 'FLY ART'),
(127, 125, 355, '2015-12-02 14:35:31', '2015-12-02 14:35:31', 'JAMIE MITCHELL'),
(128, 125, 356, '2015-12-02 14:35:31', '2015-12-02 14:35:31', 'KRIS TATE'),
(129, 125, 357, '2015-12-02 14:35:31', '2015-12-02 14:35:31', 'KILLER CONDO'),
(130, 125, 358, '2015-12-02 14:35:31', '2015-12-02 14:35:31', 'LEAH FLORES'),
(131, 125, 359, '2015-12-02 14:35:31', '2015-12-02 14:35:31', 'LUNAR KITTY'),
(132, 125, 360, '2015-12-02 14:35:31', '2015-12-02 14:35:31', 'MILLION BILLION'),
(133, 125, 361, '2015-12-02 14:35:31', '2015-12-02 14:35:31', 'WEED & CUPCAKE'),
(134, 125, 362, '2015-12-02 14:35:31', '2015-12-02 14:35:31', 'WORDS BRAND'),
(135, 125, 363, '2015-12-02 14:35:31', '2015-12-02 14:35:31', 'NICK COCOZZA'),
(136, 125, 364, '2015-12-02 14:35:31', '2015-12-02 14:35:31', 'ORIGINAL CAT HOUSE'),
(137, 125, 365, '2015-12-02 14:35:31', '2015-12-02 14:35:31', 'OUTFIT OF LOVE'),
(138, 125, 366, '2015-12-02 14:35:31', '2015-12-02 14:35:31', 'POWER'),
(139, 125, 367, '2015-12-02 14:35:31', '2015-12-02 14:35:31', 'TAKK'),
(140, 125, 368, '2015-12-02 14:35:31', '2015-12-02 14:35:31', 'TERRY FAN'),
(141, 125, 369, '2015-12-02 14:35:31', '2015-12-02 14:35:31', 'WRDBNR'),
(142, 125, 370, '2015-12-02 14:35:31', '2015-12-02 14:35:31', 'PRSDNTS CLUB'),
(143, 125, 371, '2015-12-02 14:35:31', '2015-12-02 14:35:31', 'KNOWLITA'),
(144, 125, 372, '2015-12-02 14:35:31', '2015-12-02 14:35:31', 'FRANKIE PHOENIX'),
(145, 125, 373, '2015-12-02 14:35:31', '2015-12-02 14:35:31', 'CASHLETES'),
(146, 125, 374, '2015-12-02 14:35:31', '2015-12-02 14:35:31', 'WTF'),
(147, 125, 375, '2015-12-02 14:35:31', '2015-12-02 14:35:31', 'HOES OUT'),
(148, 125, 376, '2015-12-02 14:35:31', '2015-12-02 14:35:31', 'TYLER DALE'),
(149, 125, 380, '2015-12-02 14:35:31', '2015-12-02 14:35:31', 'ROYALS'),
(150, 125, 381, '2015-12-02 14:35:31', '2015-12-02 14:35:31', 'ROUGE'),
(151, 125, 382, '2015-12-02 14:35:31', '2015-12-02 14:35:31', 'FLAGSTAFF'),
(152, 125, 383, '2015-12-02 14:35:31', '2015-12-02 14:35:31', 'QUIETE IUVENTAE'),
(153, 125, 390, '2015-12-02 14:35:31', '2015-12-02 14:35:31', 'HOUSE OF WONDERLAND'),
(154, 125, 391, '2015-12-02 14:35:31', '2015-12-02 14:35:31', 'VISUAL PONDERLAND'),
(155, 125, 392, '2015-12-02 14:35:31', '2015-12-02 14:35:31', 'DMA CLOTHING'),
(156, 125, 393, '2015-12-02 14:35:31', '2015-12-02 14:35:31', 'ASSAULT PARIS'),
(157, 125, 394, '2015-12-02 14:35:31', '2015-12-02 14:35:31', 'WOLVES'),
(158, 125, 395, '2015-12-02 14:35:31', '2015-12-02 14:35:31', 'JANE MIRAISE'),
(159, 125, 396, '2015-12-02 14:35:31', '2015-12-02 14:35:31', 'MULGA'),
(160, 125, 397, '2015-12-02 14:35:31', '2015-12-02 14:35:31', 'YAWN'),
(161, 125, 398, '2015-12-02 14:35:31', '2015-12-02 14:35:31', 'MELTED'),
(162, 125, 400, '2015-12-02 14:35:31', '2015-12-02 14:35:31', 'ACID CLOTHING'),
(163, 125, 401, '2015-12-02 14:35:31', '2015-12-02 14:35:31', 'BEYOND CLOTHING'),
(164, 125, 402, '2015-12-02 14:35:31', '2015-12-02 14:35:31', 'SANTA MUERTE CREATIONS'),
(165, 125, 407, '2015-12-02 14:35:31', '2015-12-02 14:35:31', 'REAL OGs'),
(166, 125, 409, '2015-12-02 14:35:31', '2015-12-02 14:35:31', 'BITCH SOCCER TEAM'),
(167, 125, 414, '2015-12-02 14:35:31', '2015-12-02 14:35:31', 'BIG CITY'),
(168, 125, 415, '2015-12-02 14:35:31', '2015-12-02 14:35:31', 'IAN STEVENSON'),
(169, 113, 403, '2015-12-02 14:35:31', '2015-12-02 14:35:31', 'Staff Picks'),
(170, 113, 417, '2015-12-02 14:35:31', '2015-12-02 14:35:31', 'Sales');

-- --------------------------------------------------------

--
-- Structure de la table `category_artshop`
--

CREATE TABLE IF NOT EXISTS `category_artshop` (
  `id` int(11) NOT NULL,
  `created_at` datetime NOT NULL,
  `updated_at` datetime NOT NULL,
  `name` varchar(255) COLLATE utf8_unicode_ci NOT NULL,
  `magento_id` int(11) DEFAULT NULL
) ENGINE=InnoDB AUTO_INCREMENT=38 DEFAULT CHARSET=utf8 COLLATE=utf8_unicode_ci;

--
-- Contenu de la table `category_artshop`
--

INSERT INTO `category_artshop` (`id`, `created_at`, `updated_at`, `name`, `magento_id`) VALUES
(1, '2015-12-02 16:22:39', '2015-12-02 16:22:39', 'Affiches', 1057),
(2, '2015-12-02 16:22:39', '2015-12-02 16:22:39', 'Bonnets', 2278),
(3, '2015-12-02 16:22:39', '2015-12-02 16:22:39', 'Crops', 1780),
(4, '2015-12-02 16:22:39', '2015-12-02 16:22:39', 'iPhone Cases', 1052),
(5, '2015-12-02 16:22:39', '2015-12-02 16:22:39', 'Photos', 1064),
(6, '2015-12-02 16:22:39', '2015-12-02 16:22:39', 'Sweaters', 1135),
(7, '2015-12-02 16:22:39', '2015-12-02 16:22:39', 'T-Shirts', 1058),
(8, '2015-12-02 16:22:39', '2015-12-02 16:22:39', 'Tank', 2339),
(9, '2015-12-02 16:22:39', '2015-12-02 16:22:39', 'Tanks', 2334),
(10, '2015-12-02 16:22:39', '2015-12-02 16:22:39', 'Toiles', 1056),
(11, '2015-12-02 16:22:39', '2015-12-02 16:22:39', 'Tops', 2335),
(12, '2015-12-02 16:22:39', '2015-12-02 16:22:39', 'Tote Bags', 1317),
(13, '2015-12-02 16:59:04', '2015-12-02 16:59:04', 'Electronics Landing', 3),
(14, '2015-12-02 16:59:04', '2015-12-02 16:59:04', 'Cellphones Landing', 4),
(15, '2015-12-02 16:59:04', '2015-12-02 16:59:04', 'Footer Links', 5),
(16, '2015-12-02 16:59:04', '2015-12-02 16:59:04', 'Livraison', 6),
(17, '2015-12-02 16:59:04', '2015-12-02 16:59:04', 'Description Gains Invitation FR', 7),
(18, '2015-12-02 16:59:04', '2015-12-02 16:59:04', 'Image accueil login', 8),
(19, '2015-12-02 16:59:04', '2015-12-02 16:59:04', 'Invitation Gain Eng', 9),
(20, '2015-12-02 16:59:04', '2015-12-02 16:59:04', 'Invitation gain UK', 10),
(21, '2015-12-02 16:59:04', '2015-12-02 16:59:04', 'Sweat Gildan FR', 11),
(22, '2015-12-02 16:59:04', '2015-12-02 16:59:04', 'T-shirt Sol''s FR', 13),
(23, '2015-12-02 16:59:04', '2015-12-02 16:59:04', 'Sweat Gildan EU', 14),
(24, '2015-12-02 16:59:04', '2015-12-02 16:59:04', 'T-shirt Sol''s EN', 16),
(25, '2015-12-02 16:59:04', '2015-12-02 16:59:04', 'Crop top American Apparel FR', 17),
(26, '2015-12-02 16:59:04', '2015-12-02 16:59:04', 'Crop top American Apparel EU', 18),
(27, '2015-12-02 16:59:04', '2015-12-02 16:59:04', 'Débardeur American Apparel FR', 19),
(28, '2015-12-02 16:59:04', '2015-12-02 16:59:04', 'Débardeur American Apparel EU', 20),
(29, '2015-12-02 16:59:04', '2015-12-02 16:59:04', 'T-shirt Stanley Stella FR', 21),
(30, '2015-12-02 16:59:04', '2015-12-02 16:59:04', 'T-shirt Stanley Stella EU', 22),
(31, '2015-12-02 16:59:04', '2015-12-02 16:59:04', 'T-shirt Cotton Heritage', 23),
(32, '2015-12-02 16:59:04', '2015-12-02 16:59:04', 'Sweat Gildan US', 24),
(33, '2015-12-02 16:59:04', '2015-12-02 16:59:04', 'Crop top American Apparel US', 25),
(34, '2015-12-02 16:59:04', '2015-12-02 16:59:04', 'Débardeur American Apparel US', 26),
(35, '2015-12-02 16:59:04', '2015-12-02 16:59:04', 'T-shirt American Apparel', 27),
(36, '2015-12-02 16:59:04', '2015-12-02 16:59:04', 'T-shirt American Apparel', 28),
(37, '2015-12-02 16:59:04', '2015-12-02 16:59:04', 'T-shirt American Apparel', 29);

-- --------------------------------------------------------

--
-- Structure de la table `color`
--

CREATE TABLE IF NOT EXISTS `color` (
  `id` int(11) NOT NULL,
  `hexa_color` longtext COLLATE utf8_unicode_ci,
  `created_at` datetime NOT NULL,
  `updated_at` datetime NOT NULL,
  `name` varchar(255) COLLATE utf8_unicode_ci NOT NULL,
  `short_name` varchar(255) COLLATE utf8_unicode_ci NOT NULL,
  `description` longtext COLLATE utf8_unicode_ci
) ENGINE=InnoDB AUTO_INCREMENT=48 DEFAULT CHARSET=utf8 COLLATE=utf8_unicode_ci;

--
-- Contenu de la table `color`
--

INSERT INTO `color` (`id`, `hexa_color`, `created_at`, `updated_at`, `name`, `short_name`, `description`) VALUES
(2, NULL, '2015-12-02 14:39:51', '2015-12-02 14:39:51', 'Black', 'BLACK', ''),
(3, NULL, '2015-12-02 14:39:51', '2015-12-02 14:39:51', 'DarkGrey', 'DARKGREY', ''),
(4, NULL, '2015-12-02 14:39:51', '2015-12-02 14:39:51', 'White', 'WHITE', ''),
(5, NULL, '2015-12-02 14:39:51', '2015-12-02 14:39:51', 'SportGrey', 'SPORTGREY', ''),
(6, NULL, '2015-12-02 14:39:51', '2015-12-02 14:39:51', 'White', 'BLANC', ''),
(7, NULL, '2015-12-02 14:39:51', '2015-12-02 14:39:51', 'Black', 'NOIR', ''),
(8, NULL, '2015-12-02 14:39:51', '2015-12-02 14:39:51', 'ForestGreen', 'ForestGreen', ''),
(9, NULL, '2015-12-02 14:39:51', '2015-12-02 14:39:51', 'CherryRed', 'CherryRed', ''),
(10, NULL, '2015-12-02 14:39:51', '2015-12-02 14:39:51', 'AntiqueRed', 'AntiqueRed', ''),
(11, NULL, '2015-12-02 14:39:51', '2015-12-02 14:39:51', 'AshGrey', 'ASHGREY', ''),
(12, NULL, '2015-12-02 14:39:51', '2015-12-02 14:39:51', 'Maroon', 'MAROON', ''),
(13, NULL, '2015-12-02 14:39:51', '2015-12-02 14:39:51', 'Grey', 'GRIS', ''),
(14, NULL, '2015-12-02 14:39:51', '2015-12-02 14:39:51', 'Sand', 'SAND', ''),
(15, NULL, '2015-12-02 14:39:51', '2015-12-02 14:39:51', 'NeonGreen', 'NEONGREEN', ''),
(16, NULL, '2015-12-02 14:39:51', '2015-12-02 14:39:51', 'Navy', 'NAVY', ''),
(17, NULL, '2015-12-02 14:39:51', '2015-12-02 14:39:51', 'NeonYellow', 'NEONYELLOW', ''),
(18, NULL, '2015-12-02 14:39:51', '2015-12-02 14:39:51', 'NavyBlue', 'NAVYBLUE', ''),
(19, NULL, '2015-12-02 14:39:51', '2015-12-02 14:39:51', 'NeonBlue', 'NEONBLUE', ''),
(20, NULL, '2015-12-02 14:39:52', '2015-12-02 14:39:52', 'AthleticGrey', 'ATHLETICGREY', ''),
(21, NULL, '2015-12-02 14:39:52', '2015-12-02 14:39:52', 'WhiteGrey', 'WHITEGREY', ''),
(22, NULL, '2015-12-02 14:39:52', '2015-12-02 14:39:52', 'AthleticGrey', 'GREY', ''),
(23, NULL, '2015-12-02 14:39:52', '2015-12-02 14:39:52', 'WhiteApricot', 'WHITEAPRICOT', ''),
(24, NULL, '2015-12-02 14:39:52', '2015-12-02 14:39:52', 'WhiteNavy', 'WHITENAVY', ''),
(25, NULL, '2015-12-02 14:39:52', '2015-12-02 14:39:52', 'Cranberry', 'CRANB', ''),
(26, NULL, '2015-12-02 14:39:52', '2015-12-02 14:39:52', 'Truffle', 'TRUFFLE', ''),
(27, NULL, '2015-12-02 14:39:53', '2015-12-02 14:39:53', 'Indigo', 'INDIGO', ''),
(28, NULL, '2015-12-02 14:39:53', '2015-12-02 14:39:53', 'NeonPink', 'NEONPINK', ''),
(29, NULL, '2015-12-02 14:39:54', '2015-12-02 14:39:54', 'White Black', 'WHITEHBLACK', ''),
(30, NULL, '2015-12-02 14:39:54', '2015-12-02 14:39:54', 'White Truffle', 'WHITETRUFFLE', ''),
(31, NULL, '2015-12-02 14:39:54', '2015-12-02 14:39:54', 'White Green', 'WHITEGREEN', ''),
(32, NULL, '2015-12-02 14:39:55', '2015-12-02 14:39:55', 'Burgundy', 'BURGUNDY', ''),
(33, NULL, '2015-12-02 14:39:55', '2015-12-02 14:39:55', 'Bottle Green', 'BOTTLEGREEN', ''),
(34, NULL, '2015-12-02 14:39:55', '2015-12-02 14:39:55', 'Classic Red', 'CLASSICRED', ''),
(35, NULL, '2015-12-02 14:39:56', '2015-12-02 14:39:56', 'Baby Blue', 'BABYBLUE', ''),
(36, NULL, '2015-12-02 14:39:56', '2015-12-02 14:39:56', 'Fushia', 'FUSHIA', ''),
(37, NULL, '2015-12-02 14:39:56', '2015-12-02 14:39:56', 'White Black', 'WHITEBLACK', ''),
(38, NULL, '2015-12-02 14:39:57', '2015-12-02 14:39:57', 'Purple', 'PURPLE', ''),
(39, NULL, '2015-12-02 14:39:57', '2015-12-02 14:39:57', 'Light Pink', 'LIGHTPINK', ''),
(40, NULL, '2015-12-02 14:39:57', '2015-12-02 14:39:57', 'Gold', 'GOLD', ''),
(41, NULL, '2015-12-02 14:39:57', '2015-12-02 14:39:57', 'Light Blue', 'LIGHTBLUE', ''),
(42, NULL, '2015-12-02 14:39:59', '2015-12-02 14:39:59', 'Red', 'RED', ''),
(43, NULL, '2015-12-02 14:40:00', '2015-12-02 14:40:00', 'Beige', 'BEIGE', ''),
(44, NULL, '2015-12-02 14:40:01', '2015-12-02 14:40:01', 'Camel', 'CAMEL', ''),
(45, NULL, '2015-12-02 14:40:02', '2015-12-02 14:40:02', 'Mustard', 'MUSTARD', ''),
(46, NULL, '2015-12-02 14:40:02', '2015-12-02 14:40:02', 'Sapphire Blue', 'SAPPHIREBLUE', ''),
(47, NULL, '2015-12-02 14:40:08', '2015-12-02 14:40:08', 'Gold', 'YELLOW', '');

-- --------------------------------------------------------

--
-- Structure de la table `country`
--

CREATE TABLE IF NOT EXISTS `country` (
  `id` int(11) NOT NULL,
  `magento_store_id` int(11) NOT NULL,
  `is_international` tinyint(1) NOT NULL,
  `created_at` datetime NOT NULL,
  `updated_at` datetime NOT NULL,
  `name` varchar(255) COLLATE utf8_unicode_ci NOT NULL
) ENGINE=InnoDB AUTO_INCREMENT=9 DEFAULT CHARSET=utf8 COLLATE=utf8_unicode_ci;

--
-- Contenu de la table `country`
--

INSERT INTO `country` (`id`, `magento_store_id`, `is_international`, `created_at`, `updated_at`, `name`) VALUES
(5, 1, 0, '2015-12-02 15:27:22', '2015-12-02 15:27:22', 'FR'),
(6, 2, 1, '2015-12-02 15:27:26', '2015-12-02 15:27:26', 'US'),
(7, 4, 1, '2015-12-02 15:27:36', '2015-12-02 15:27:36', 'UK'),
(8, 5, 1, '2015-12-02 15:27:40', '2015-12-02 15:27:40', 'DE');

-- --------------------------------------------------------

--
-- Structure de la table `declinaison`
--

CREATE TABLE IF NOT EXISTS `declinaison` (
  `id` int(11) NOT NULL,
  `color_id` int(11) DEFAULT NULL,
  `size_id` int(11) DEFAULT NULL,
  `support_id` int(11) DEFAULT NULL,
  `created_at` datetime NOT NULL,
  `updated_at` datetime NOT NULL,
  `name` varchar(255) COLLATE utf8_unicode_ci NOT NULL
) ENGINE=InnoDB AUTO_INCREMENT=507 DEFAULT CHARSET=utf8 COLLATE=utf8_unicode_ci;

--
-- Contenu de la table `declinaison`
--

INSERT INTO `declinaison` (`id`, `color_id`, `size_id`, `support_id`, `created_at`, `updated_at`, `name`) VALUES
(1, 2, 1, 2, '2015-12-02 14:39:51', '2015-12-02 14:39:51', 'GI18000_BLACK_L'),
(2, 2, 2, 2, '2015-12-02 14:39:51', '2015-12-02 14:39:51', 'GI18000_BLACK_M'),
(3, 2, 3, 2, '2015-12-02 14:39:51', '2015-12-02 14:39:51', 'GI18000_BLACK_S'),
(4, 3, 1, 2, '2015-12-02 14:39:51', '2015-12-02 14:39:51', 'GI18000_DARKGREY_L'),
(5, 3, 2, 2, '2015-12-02 14:39:51', '2015-12-02 14:39:51', 'GI18000_DARKGREY_M'),
(6, 3, 3, 2, '2015-12-02 14:39:51', '2015-12-02 14:39:51', 'GI18000_DARKGREY_S'),
(7, 4, 1, 2, '2015-12-02 14:39:51', '2015-12-02 14:39:51', 'GI18000_WHITE_L'),
(8, 4, 2, 2, '2015-12-02 14:39:51', '2015-12-02 14:39:51', 'GI18000_WHITE_M'),
(9, 4, 3, 2, '2015-12-02 14:39:51', '2015-12-02 14:39:51', 'GI18000_WHITE_S'),
(10, 5, 1, 2, '2015-12-02 14:39:51', '2015-12-02 14:39:51', 'GI18000_SPORTGREY_L'),
(11, 5, 2, 2, '2015-12-02 14:39:51', '2015-12-02 14:39:51', 'GI18000_SPORTGREY_M'),
(12, 5, 3, 2, '2015-12-02 14:39:51', '2015-12-02 14:39:51', 'GI18000_SPORTGREY_S'),
(13, 6, 1, 3, '2015-12-02 14:39:51', '2015-12-02 14:39:51', 'SOLS11500_BLANC_L'),
(14, 6, 2, 3, '2015-12-02 14:39:51', '2015-12-02 14:39:51', 'SOLS11500_BLANC_M'),
(15, 6, 3, 3, '2015-12-02 14:39:51', '2015-12-02 14:39:51', 'SOLS11500_BLANC_S'),
(16, 6, 4, 3, '2015-12-02 14:39:51', '2015-12-02 14:39:51', 'SOLS11500_BLANC_XL'),
(17, 6, 5, 3, '2015-12-02 14:39:51', '2015-12-02 14:39:51', 'SOLS11500_BLANC_XS'),
(18, 7, 1, 3, '2015-12-02 14:39:51', '2015-12-02 14:39:51', 'SOLS11500_NOIR_L'),
(19, 7, 2, 3, '2015-12-02 14:39:51', '2015-12-02 14:39:51', 'SOLS11500_NOIR_M'),
(20, 7, 3, 3, '2015-12-02 14:39:51', '2015-12-02 14:39:51', 'SOLS11500_NOIR_S'),
(21, 7, 4, 3, '2015-12-02 14:39:51', '2015-12-02 14:39:51', 'SOLS11500_NOIR_XL'),
(22, 7, 5, 3, '2015-12-02 14:39:51', '2015-12-02 14:39:51', 'SOLS11500_NOIR_XS'),
(23, 8, 3, 2, '2015-12-02 14:39:51', '2015-12-02 14:39:51', 'GI18000_ForestGreen_S'),
(24, 8, 2, 2, '2015-12-02 14:39:51', '2015-12-02 14:39:51', 'GI18000_ForestGreen_M'),
(25, 8, 1, 2, '2015-12-02 14:39:51', '2015-12-02 14:39:51', 'GI18000_ForestGreen_L'),
(26, 9, 3, 2, '2015-12-02 14:39:51', '2015-12-02 14:39:51', 'GI18000_CherryRed_S'),
(27, 9, 2, 2, '2015-12-02 14:39:51', '2015-12-02 14:39:51', 'GI18000_CherryRed_M'),
(28, 9, 1, 2, '2015-12-02 14:39:51', '2015-12-02 14:39:51', 'GI18000_CherryRed_L'),
(29, 10, 3, 2, '2015-12-02 14:39:51', '2015-12-02 14:39:51', 'GI18000_AntiqueRed_S'),
(30, 10, 2, 2, '2015-12-02 14:39:51', '2015-12-02 14:39:51', 'GI18000_AntiqueRed_M'),
(31, 10, 1, 2, '2015-12-02 14:39:51', '2015-12-02 14:39:51', 'GI18000_AntiqueRed_L'),
(32, 11, 1, 4, '2015-12-02 14:39:51', '2015-12-02 14:39:51', '2001_ASHGREY_L'),
(33, 11, 2, 4, '2015-12-02 14:39:51', '2015-12-02 14:39:51', '2001_ASHGREY_M'),
(34, 11, 3, 4, '2015-12-02 14:39:51', '2015-12-02 14:39:51', '2001_ASHGREY_S'),
(35, 11, 4, 4, '2015-12-02 14:39:51', '2015-12-02 14:39:51', '2001_ASHGREY_XL'),
(36, 11, 5, 4, '2015-12-02 14:39:51', '2015-12-02 14:39:51', '2001_ASHGREY_XS'),
(37, 11, 3, 5, '2015-12-02 14:39:51', '2015-12-02 14:39:51', 'GI18CAP_ASHGREY_S'),
(38, 11, 2, 5, '2015-12-02 14:39:51', '2015-12-02 14:39:51', 'GI18CAP_ASHGREY_M'),
(39, 11, 1, 5, '2015-12-02 14:39:51', '2015-12-02 14:39:51', 'GI18CAP_ASHGREY_L'),
(40, 3, 3, 5, '2015-12-02 14:39:51', '2015-12-02 14:39:51', 'GI18CAP_DARKGREY_S'),
(41, 3, 2, 5, '2015-12-02 14:39:51', '2015-12-02 14:39:51', 'GI18CAP_DARKGREY_M'),
(42, 3, 1, 5, '2015-12-02 14:39:51', '2015-12-02 14:39:51', 'GI18CAP_DARKGREY_L'),
(43, 12, 3, 5, '2015-12-02 14:39:51', '2015-12-02 14:39:51', 'GI18CAP_MAROON_S'),
(44, 12, 2, 5, '2015-12-02 14:39:51', '2015-12-02 14:39:51', 'GI18CAP_MAROON_M'),
(45, 12, 1, 5, '2015-12-02 14:39:51', '2015-12-02 14:39:51', 'GI18CAP_MAROON_L'),
(46, 13, 5, 3, '2015-12-02 14:39:51', '2015-12-02 14:39:51', 'SOLS11500_GRIS_XS'),
(47, 13, 3, 3, '2015-12-02 14:39:51', '2015-12-02 14:39:51', 'SOLS11500_GRIS_S'),
(48, 13, 2, 3, '2015-12-02 14:39:51', '2015-12-02 14:39:51', 'SOLS11500_GRIS_M'),
(49, 13, 1, 3, '2015-12-02 14:39:51', '2015-12-02 14:39:51', 'SOLS11500_GRIS_L'),
(50, 13, 4, 3, '2015-12-02 14:39:51', '2015-12-02 14:39:51', 'SOLS11500_GRIS_XL'),
(51, 4, 6, 6, '2015-12-02 14:39:51', '2015-12-02 14:39:51', 'CROPRSABB380_WHITE_TU'),
(52, 4, 6, 7, '2015-12-02 14:39:51', '2015-12-02 14:39:51', 'CROP380_WHITE_TU'),
(53, 4, 5, 8, '2015-12-02 14:39:51', '2015-12-02 14:39:51', 'TANK408_WHITE_XS'),
(54, 4, 3, 8, '2015-12-02 14:39:51', '2015-12-02 14:39:51', 'TANK408_WHITE_S'),
(55, 4, 2, 8, '2015-12-02 14:39:51', '2015-12-02 14:39:51', 'TANK408_WHITE_M'),
(56, 4, 1, 8, '2015-12-02 14:39:51', '2015-12-02 14:39:51', 'TANK408_WHITE_L'),
(57, 4, 4, 8, '2015-12-02 14:39:51', '2015-12-02 14:39:51', 'TANK408_WHITE_XL'),
(58, 14, 6, 9, '2015-12-02 14:39:51', '2015-12-02 14:39:51', 'TOTE549_SAND_TU'),
(59, 15, 5, 8, '2015-12-02 14:39:51', '2015-12-02 14:39:51', 'TANK408_NEONGREEN_XS'),
(60, 15, 3, 8, '2015-12-02 14:39:51', '2015-12-02 14:39:51', 'TANK408_NEONGREEN_S'),
(61, 15, 2, 8, '2015-12-02 14:39:51', '2015-12-02 14:39:51', 'TANK408_NEONGREEN_M'),
(62, 15, 1, 8, '2015-12-02 14:39:51', '2015-12-02 14:39:51', 'TANK408_NEONGREEN_L'),
(63, 2, 5, 8, '2015-12-02 14:39:51', '2015-12-02 14:39:51', 'TANK408_BLACK_XS'),
(64, 2, 3, 8, '2015-12-02 14:39:51', '2015-12-02 14:39:51', 'TANK408_BLACK_S'),
(65, 2, 2, 8, '2015-12-02 14:39:51', '2015-12-02 14:39:51', 'TANK408_BLACK_M'),
(66, 2, 1, 8, '2015-12-02 14:39:51', '2015-12-02 14:39:51', 'TANK408_BLACK_L'),
(67, 16, 5, 8, '2015-12-02 14:39:51', '2015-12-02 14:39:51', 'TANK408_NAVY_XS'),
(68, 16, 3, 8, '2015-12-02 14:39:51', '2015-12-02 14:39:51', 'TANK408_NAVY_S'),
(69, 16, 2, 8, '2015-12-02 14:39:51', '2015-12-02 14:39:51', 'TANK408_NAVY_M'),
(70, 16, 1, 8, '2015-12-02 14:39:51', '2015-12-02 14:39:51', 'TANK408_NAVY_L'),
(71, 17, 5, 8, '2015-12-02 14:39:51', '2015-12-02 14:39:51', 'TANK408_NEONYELLOW_XS'),
(72, 17, 3, 8, '2015-12-02 14:39:51', '2015-12-02 14:39:51', 'TANK408_NEONYELLOW_S'),
(73, 17, 2, 8, '2015-12-02 14:39:51', '2015-12-02 14:39:51', 'TANK408_NEONYELLOW_M'),
(74, 17, 1, 8, '2015-12-02 14:39:51', '2015-12-02 14:39:51', 'TANK408_NEONYELLOW_L'),
(75, 18, 3, 10, '2015-12-02 14:39:51', '2015-12-02 14:39:51', 'TSTAN45_NAVYBLUE_S'),
(76, 18, 2, 10, '2015-12-02 14:39:51', '2015-12-02 14:39:51', 'TSTAN45_NAVYBLUE_M'),
(77, 18, 1, 10, '2015-12-02 14:39:51', '2015-12-02 14:39:51', 'TSTAN45_NAVYBLUE_L'),
(78, 19, 5, 8, '2015-12-02 14:39:51', '2015-12-02 14:39:51', 'TANK408_NEONBLUE_XS'),
(79, 19, 3, 8, '2015-12-02 14:39:51', '2015-12-02 14:39:51', 'TANK408_NEONBLUE_S'),
(80, 19, 2, 8, '2015-12-02 14:39:51', '2015-12-02 14:39:51', 'TANK408_NEONBLUE_M'),
(81, 19, 1, 8, '2015-12-02 14:39:51', '2015-12-02 14:39:51', 'TANK408_NEONBLUE_L'),
(82, 20, 5, 11, '2015-12-02 14:39:52', '2015-12-02 14:39:52', 'TS401AA_ATHLETICGREY_XS'),
(83, 20, 3, 11, '2015-12-02 14:39:52', '2015-12-02 14:39:52', 'TS401AA_ATHLETICGREY_S'),
(84, 20, 2, 11, '2015-12-02 14:39:52', '2015-12-02 14:39:52', 'TS401AA_ATHLETICGREY_M'),
(85, 20, 1, 11, '2015-12-02 14:39:52', '2015-12-02 14:39:52', 'TS401AA_ATHLETICGREY_L'),
(86, 20, 4, 11, '2015-12-02 14:39:52', '2015-12-02 14:39:52', 'TS401AA_ATHLETICGREY_XL'),
(87, 3, 6, 7, '2015-12-02 14:39:52', '2015-12-02 14:39:52', 'CROP380_DARKGREY_TU'),
(88, 2, 4, 8, '2015-12-02 14:39:52', '2015-12-02 14:39:52', 'TANK408_BLACK_XL'),
(89, 2, 6, 12, '2015-12-02 14:39:52', '2015-12-02 14:39:52', 'BB381_BLACK_TU'),
(90, 4, 6, 12, '2015-12-02 14:39:52', '2015-12-02 14:39:52', 'BB381_WHITE_TU'),
(91, 2, 3, 13, '2015-12-02 14:39:52', '2015-12-02 14:39:52', 'RSA2419_BLACK_S'),
(92, 2, 2, 13, '2015-12-02 14:39:52', '2015-12-02 14:39:52', 'RSA2419_BLACK_M'),
(93, 2, 1, 13, '2015-12-02 14:39:52', '2015-12-02 14:39:52', 'RSA2419_BLACK_L'),
(94, 2, 4, 13, '2015-12-02 14:39:52', '2015-12-02 14:39:52', 'RSA2419_BLACK_XL'),
(95, 4, 3, 13, '2015-12-02 14:39:52', '2015-12-02 14:39:52', 'RSA2419_WHITE_S'),
(96, 4, 2, 13, '2015-12-02 14:39:52', '2015-12-02 14:39:52', 'RSA2419_WHITE_M'),
(97, 4, 1, 13, '2015-12-02 14:39:52', '2015-12-02 14:39:52', 'RSA2419_WHITE_L'),
(98, 4, 4, 13, '2015-12-02 14:39:52', '2015-12-02 14:39:52', 'RSA2419_WHITE_XL'),
(99, 21, 7, 14, '2015-12-02 14:39:52', '2015-12-02 14:39:52', 'BB354_WHITEGREY_XSS'),
(100, 21, 8, 14, '2015-12-02 14:39:52', '2015-12-02 14:39:52', 'BB354_WHITEGREY_ML'),
(101, 4, 5, 15, '2015-12-02 14:39:52', '2015-12-02 14:39:52', '8384_WHITE_XS'),
(102, 4, 3, 15, '2015-12-02 14:39:52', '2015-12-02 14:39:52', '8384_WHITE_S'),
(103, 4, 2, 15, '2015-12-02 14:39:52', '2015-12-02 14:39:52', '8384_WHITE_M'),
(104, 4, 1, 15, '2015-12-02 14:39:52', '2015-12-02 14:39:52', '8384_WHITE_L'),
(105, 22, 5, 15, '2015-12-02 14:39:52', '2015-12-02 14:39:52', '8384_GREY_XS'),
(106, 22, 3, 15, '2015-12-02 14:39:52', '2015-12-02 14:39:52', '8384_GREY_S'),
(107, 22, 2, 15, '2015-12-02 14:39:52', '2015-12-02 14:39:52', '8384_GREY_M'),
(108, 22, 1, 15, '2015-12-02 14:39:52', '2015-12-02 14:39:52', '8384_GREY_L'),
(109, 23, 7, 14, '2015-12-02 14:39:52', '2015-12-02 14:39:52', 'BB354_WHITEAPRICOT_XSS'),
(110, 23, 8, 14, '2015-12-02 14:39:52', '2015-12-02 14:39:52', 'BB354_WHITEAPRICOT_ML'),
(111, 24, 7, 14, '2015-12-02 14:39:52', '2015-12-02 14:39:52', 'BB354_WHITENAVY_XSS'),
(112, 24, 8, 14, '2015-12-02 14:39:52', '2015-12-02 14:39:52', 'BB354_WHITENAVY_ML'),
(113, 22, 5, 16, '2015-12-02 14:39:52', '2015-12-02 14:39:52', 'TR408_GREY_XS'),
(114, 22, 3, 16, '2015-12-02 14:39:52', '2015-12-02 14:39:52', 'TR408_GREY_S'),
(115, 22, 2, 16, '2015-12-02 14:39:52', '2015-12-02 14:39:52', 'TR408_GREY_M'),
(116, 22, 1, 16, '2015-12-02 14:39:52', '2015-12-02 14:39:52', 'TR408_GREY_L'),
(117, 22, 4, 16, '2015-12-02 14:39:52', '2015-12-02 14:39:52', 'TR408_GREY_XL'),
(118, 25, 5, 16, '2015-12-02 14:39:52', '2015-12-02 14:39:52', 'TR408_CRANB_XS'),
(119, 25, 3, 16, '2015-12-02 14:39:52', '2015-12-02 14:39:52', 'TR408_CRANB_S'),
(120, 25, 2, 16, '2015-12-02 14:39:52', '2015-12-02 14:39:52', 'TR408_CRANB_M'),
(121, 25, 1, 16, '2015-12-02 14:39:52', '2015-12-02 14:39:52', 'TR408_CRANB_L'),
(122, 25, 4, 16, '2015-12-02 14:39:52', '2015-12-02 14:39:52', 'TR408_CRANB_XL'),
(123, 2, 5, 16, '2015-12-02 14:39:52', '2015-12-02 14:39:52', 'TR408_BLACK_XS'),
(124, 2, 3, 16, '2015-12-02 14:39:52', '2015-12-02 14:39:52', 'TR408_BLACK_S'),
(125, 2, 2, 16, '2015-12-02 14:39:52', '2015-12-02 14:39:52', 'TR408_BLACK_M'),
(126, 2, 1, 16, '2015-12-02 14:39:52', '2015-12-02 14:39:52', 'TR408_BLACK_L'),
(127, 2, 4, 16, '2015-12-02 14:39:52', '2015-12-02 14:39:52', 'TR408_BLACK_XL'),
(128, 26, 3, 13, '2015-12-02 14:39:52', '2015-12-02 14:39:52', 'RSA2419_TRUFFLE_S'),
(129, 26, 2, 13, '2015-12-02 14:39:52', '2015-12-02 14:39:52', 'RSA2419_TRUFFLE_M'),
(130, 26, 1, 13, '2015-12-02 14:39:52', '2015-12-02 14:39:52', 'RSA2419_TRUFFLE_L'),
(131, 26, 4, 13, '2015-12-02 14:39:52', '2015-12-02 14:39:52', 'RSA2419_TRUFFLE_XL'),
(132, 27, 5, 16, '2015-12-02 14:39:53', '2015-12-02 14:39:53', 'TR408_INDIGO_XS'),
(133, 27, 3, 16, '2015-12-02 14:39:53', '2015-12-02 14:39:53', 'TR408_INDIGO_S'),
(134, 27, 2, 16, '2015-12-02 14:39:53', '2015-12-02 14:39:53', 'TR408_INDIGO_M'),
(135, 27, 1, 16, '2015-12-02 14:39:53', '2015-12-02 14:39:53', 'TR408_INDIGO_L'),
(136, 27, 4, 16, '2015-12-02 14:39:53', '2015-12-02 14:39:53', 'TR408_INDIGO_XL'),
(137, 28, 6, 12, '2015-12-02 14:39:53', '2015-12-02 14:39:53', 'BB381_NEONPINK_TU'),
(138, 15, 6, 12, '2015-12-02 14:39:53', '2015-12-02 14:39:53', 'BB381_NEONGREEN_TU'),
(139, 2, 3, 17, '2015-12-02 14:39:53', '2015-12-02 14:39:53', 'BB401_BLACK_S'),
(140, 2, 2, 17, '2015-12-02 14:39:53', '2015-12-02 14:39:53', 'BB401_BLACK_M'),
(141, 2, 1, 17, '2015-12-02 14:39:53', '2015-12-02 14:39:53', 'BB401_BLACK_L'),
(142, 2, 4, 17, '2015-12-02 14:39:53', '2015-12-02 14:39:53', 'BB401_BLACK_XL'),
(143, 4, 5, 17, '2015-12-02 14:39:53', '2015-12-02 14:39:53', 'BB401_WHITE_XS'),
(144, 4, 3, 17, '2015-12-02 14:39:53', '2015-12-02 14:39:53', 'BB401_WHITE_S'),
(145, 4, 2, 17, '2015-12-02 14:39:53', '2015-12-02 14:39:53', 'BB401_WHITE_M'),
(146, 4, 1, 17, '2015-12-02 14:39:53', '2015-12-02 14:39:53', 'BB401_WHITE_L'),
(147, 4, 4, 17, '2015-12-02 14:39:53', '2015-12-02 14:39:53', 'BB401_WHITE_XL'),
(148, 4, 4, 18, '2015-12-02 14:39:53', '2015-12-02 14:39:53', 'STANACT_WHITE_XL'),
(149, 4, 1, 18, '2015-12-02 14:39:53', '2015-12-02 14:39:53', 'STANACT_WHITE_L'),
(150, 4, 2, 18, '2015-12-02 14:39:53', '2015-12-02 14:39:53', 'STANACT_WHITE_M'),
(151, 4, 3, 18, '2015-12-02 14:39:53', '2015-12-02 14:39:53', 'STANACT_WHITE_S'),
(152, 2, 4, 2, '2015-12-02 14:39:53', '2015-12-02 14:39:53', 'GI18000_BLACK_XL'),
(153, 16, 4, 8, '2015-12-02 14:39:53', '2015-12-02 14:39:53', 'TANK408_NAVY_XL'),
(154, 5, 3, 19, '2015-12-02 14:39:53', '2015-12-02 14:39:53', 'GI18000B_SPORTGREY_S'),
(155, 5, 2, 19, '2015-12-02 14:39:53', '2015-12-02 14:39:53', 'GI18000B_SPORTGREY_M'),
(156, 5, 1, 19, '2015-12-02 14:39:53', '2015-12-02 14:39:53', 'GI18000B_SPORTGREY_L'),
(157, 4, 9, 20, '2015-12-02 14:39:53', '2015-12-02 14:39:53', 'SOLS11970_WHITE_Y2'),
(158, 4, 10, 20, '2015-12-02 14:39:53', '2015-12-02 14:39:53', 'SOLS11970_WHITE_Y4'),
(159, 4, 11, 20, '2015-12-02 14:39:53', '2015-12-02 14:39:53', 'SOLS11970_WHITE_Y6'),
(160, 4, 12, 20, '2015-12-02 14:39:53', '2015-12-02 14:39:53', 'SOLS11970_WHITE_Y8'),
(161, 4, 13, 20, '2015-12-02 14:39:53', '2015-12-02 14:39:53', 'SOLS11970_WHITE_Y10'),
(162, 4, 14, 20, '2015-12-02 14:39:53', '2015-12-02 14:39:53', 'SOLS11970_WHITE_Y12'),
(163, 4, 15, 21, '2015-12-02 14:39:53', '2015-12-02 14:39:53', 'SOLS11969_WHITE_M3/6'),
(164, 4, 16, 21, '2015-12-02 14:39:53', '2015-12-02 14:39:53', 'SOLS11969_WHITE_M6/12'),
(165, 4, 17, 21, '2015-12-02 14:39:53', '2015-12-02 14:39:53', 'SOLS11969_WHITE_M12/18'),
(166, 2, 5, 22, '2015-12-02 14:39:53', '2015-12-02 14:39:53', 'AA1403_BLACK_XS'),
(167, 2, 3, 22, '2015-12-02 14:39:53', '2015-12-02 14:39:53', 'AA1403_BLACK_S'),
(168, 2, 2, 22, '2015-12-02 14:39:53', '2015-12-02 14:39:53', 'AA1403_BLACK_M'),
(169, 2, 1, 22, '2015-12-02 14:39:53', '2015-12-02 14:39:53', 'AA1403_BLACK_L'),
(170, 2, 4, 22, '2015-12-02 14:39:53', '2015-12-02 14:39:53', 'AA1403_BLACK_XL'),
(171, 22, 5, 22, '2015-12-02 14:39:53', '2015-12-02 14:39:53', 'AA1403_GREY_XS'),
(172, 22, 3, 22, '2015-12-02 14:39:53', '2015-12-02 14:39:53', 'AA1403_GREY_S'),
(173, 22, 2, 22, '2015-12-02 14:39:54', '2015-12-02 14:39:54', 'AA1403_GREY_M'),
(174, 22, 1, 22, '2015-12-02 14:39:54', '2015-12-02 14:39:54', 'AA1403_GREY_L'),
(175, 22, 4, 22, '2015-12-02 14:39:54', '2015-12-02 14:39:54', 'AA1403_GREY_XL'),
(176, 4, 3, 23, '2015-12-02 14:39:54', '2015-12-02 14:39:54', 'AA2007_WHITE_S'),
(177, 4, 2, 23, '2015-12-02 14:39:54', '2015-12-02 14:39:54', 'AA2007_WHITE_M'),
(178, 4, 1, 23, '2015-12-02 14:39:54', '2015-12-02 14:39:54', 'AA2007_WHITE_L'),
(179, 4, 4, 23, '2015-12-02 14:39:54', '2015-12-02 14:39:54', 'AA2007_WHITE_XL'),
(180, 2, 3, 23, '2015-12-02 14:39:54', '2015-12-02 14:39:54', 'AA2007_BLACK_S'),
(181, 2, 2, 23, '2015-12-02 14:39:54', '2015-12-02 14:39:54', 'AA2007_BLACK_M'),
(182, 2, 1, 23, '2015-12-02 14:39:54', '2015-12-02 14:39:54', 'AA2007_BLACK_L'),
(183, 2, 4, 23, '2015-12-02 14:39:54', '2015-12-02 14:39:54', 'AA2007_BLACK_XL'),
(184, 22, 4, 24, '2015-12-02 14:39:54', '2015-12-02 14:39:54', 'TR407_GREY_XL'),
(185, 22, 1, 24, '2015-12-02 14:39:54', '2015-12-02 14:39:54', 'TR407_GREY_L'),
(186, 22, 2, 24, '2015-12-02 14:39:54', '2015-12-02 14:39:54', 'TR407_GREY_M'),
(187, 22, 3, 24, '2015-12-02 14:39:54', '2015-12-02 14:39:54', 'TR407_GREY_S'),
(188, 22, 5, 24, '2015-12-02 14:39:54', '2015-12-02 14:39:54', 'TR407_GREY_XS'),
(189, 29, 4, 25, '2015-12-02 14:39:54', '2015-12-02 14:39:54', 'BB453_WHITEHBLACK_XL'),
(190, 29, 1, 25, '2015-12-02 14:39:54', '2015-12-02 14:39:54', 'BB453_WHITEHBLACK_L'),
(191, 29, 2, 25, '2015-12-02 14:39:54', '2015-12-02 14:39:54', 'BB453_WHITEHBLACK_M'),
(192, 29, 3, 25, '2015-12-02 14:39:54', '2015-12-02 14:39:54', 'BB453_WHITEHBLACK_S'),
(193, 29, 5, 25, '2015-12-02 14:39:54', '2015-12-02 14:39:54', 'BB453_WHITEHBLACK_XS'),
(194, 30, 5, 25, '2015-12-02 14:39:54', '2015-12-02 14:39:54', 'BB453_WHITETRUFFLE_XS'),
(195, 30, 4, 25, '2015-12-02 14:39:54', '2015-12-02 14:39:54', 'BB453_WHITETRUFFLE_XL'),
(196, 30, 1, 25, '2015-12-02 14:39:54', '2015-12-02 14:39:54', 'BB453_WHITETRUFFLE_L'),
(197, 30, 2, 25, '2015-12-02 14:39:54', '2015-12-02 14:39:54', 'BB453_WHITETRUFFLE_M'),
(198, 30, 3, 25, '2015-12-02 14:39:54', '2015-12-02 14:39:54', 'BB453_WHITETRUFFLE_S'),
(199, 31, 4, 25, '2015-12-02 14:39:54', '2015-12-02 14:39:54', 'BB453_WHITEGREEN_XL'),
(200, 31, 3, 25, '2015-12-02 14:39:54', '2015-12-02 14:39:54', 'BB453_WHITEGREEN_S'),
(201, 31, 5, 25, '2015-12-02 14:39:54', '2015-12-02 14:39:54', 'BB453_WHITEGREEN_XS'),
(202, 31, 1, 25, '2015-12-02 14:39:54', '2015-12-02 14:39:54', 'BB453_WHITEGREEN_L'),
(203, 31, 2, 25, '2015-12-02 14:39:54', '2015-12-02 14:39:54', 'BB453_WHITEGREEN_M'),
(204, 21, 4, 25, '2015-12-02 14:39:54', '2015-12-02 14:39:54', 'BB453_WHITEGREY_XL'),
(205, 21, 1, 25, '2015-12-02 14:39:54', '2015-12-02 14:39:54', 'BB453_WHITEGREY_L'),
(206, 21, 2, 25, '2015-12-02 14:39:54', '2015-12-02 14:39:54', 'BB453_WHITEGREY_M'),
(207, 21, 3, 25, '2015-12-02 14:39:54', '2015-12-02 14:39:54', 'BB453_WHITEGREY_S'),
(208, 21, 5, 25, '2015-12-02 14:39:54', '2015-12-02 14:39:54', 'BB453_WHITEGREY_XS'),
(209, 4, 6, 26, '2015-12-02 14:39:55', '2015-12-02 14:39:55', 'MUG1_WHITE_TU'),
(210, 2, 3, 5, '2015-12-02 14:39:55', '2015-12-02 14:39:55', 'GI18CAP_BLACK_S'),
(211, 2, 2, 5, '2015-12-02 14:39:55', '2015-12-02 14:39:55', 'GI18CAP_BLACK_M'),
(212, 2, 1, 5, '2015-12-02 14:39:55', '2015-12-02 14:39:55', 'GI18CAP_BLACK_L'),
(213, 4, 3, 5, '2015-12-02 14:39:55', '2015-12-02 14:39:55', 'GI18CAP_WHITE_S'),
(214, 4, 2, 5, '2015-12-02 14:39:55', '2015-12-02 14:39:55', 'GI18CAP_WHITE_M'),
(215, 4, 1, 5, '2015-12-02 14:39:55', '2015-12-02 14:39:55', 'GI18CAP_WHITE_L'),
(216, 16, 3, 2, '2015-12-02 14:39:55', '2015-12-02 14:39:55', 'GI18000_NAVY_S'),
(217, 16, 2, 2, '2015-12-02 14:39:55', '2015-12-02 14:39:55', 'GI18000_NAVY_M'),
(218, 16, 1, 2, '2015-12-02 14:39:55', '2015-12-02 14:39:55', 'GI18000_NAVY_L'),
(219, 12, 3, 2, '2015-12-02 14:39:55', '2015-12-02 14:39:55', 'GI18000_MAROON_S'),
(220, 12, 2, 2, '2015-12-02 14:39:55', '2015-12-02 14:39:55', 'GI18000_MAROON_M'),
(221, 12, 1, 2, '2015-12-02 14:39:55', '2015-12-02 14:39:55', 'GI18000_MAROON_L'),
(222, 2, 6, 27, '2015-12-02 14:39:55', '2015-12-02 14:39:55', 'KP112_BLACK_TU'),
(223, 16, 3, 5, '2015-12-02 14:39:55', '2015-12-02 14:39:55', 'GI18CAP_NAVY_S'),
(224, 16, 2, 5, '2015-12-02 14:39:55', '2015-12-02 14:39:55', 'GI18CAP_NAVY_M'),
(225, 16, 1, 5, '2015-12-02 14:39:55', '2015-12-02 14:39:55', 'GI18CAP_NAVY_L'),
(226, 2, 6, 28, '2015-12-02 14:39:55', '2015-12-02 14:39:55', 'BEANIEB45_BLACK_TU'),
(227, 32, 6, 28, '2015-12-02 14:39:55', '2015-12-02 14:39:55', 'BEANIEB45_BURGUNDY_TU'),
(228, 22, 6, 28, '2015-12-02 14:39:55', '2015-12-02 14:39:55', 'BEANIEB45_GREY_TU'),
(229, 33, 6, 28, '2015-12-02 14:39:55', '2015-12-02 14:39:55', 'BEANIEB45_BOTTLEGREEN_TU'),
(230, 34, 6, 28, '2015-12-02 14:39:55', '2015-12-02 14:39:55', 'BEANIEB45_CLASSICRED_TU'),
(231, 16, 6, 28, '2015-12-02 14:39:55', '2015-12-02 14:39:55', 'BEANIEB45_NAVY_TU'),
(232, 2, 9, 29, '2015-12-02 14:39:55', '2015-12-02 14:39:55', 'SOLS01183_BLACK_Y2'),
(233, 2, 10, 29, '2015-12-02 14:39:55', '2015-12-02 14:39:55', 'SOLS01183_BLACK_Y4'),
(234, 2, 11, 29, '2015-12-02 14:39:55', '2015-12-02 14:39:55', 'SOLS01183_BLACK_Y6'),
(235, 2, 12, 29, '2015-12-02 14:39:55', '2015-12-02 14:39:55', 'SOLS01183_BLACK_Y8'),
(236, 2, 13, 29, '2015-12-02 14:39:55', '2015-12-02 14:39:55', 'SOLS01183_BLACK_Y10'),
(237, 2, 14, 29, '2015-12-02 14:39:55', '2015-12-02 14:39:55', 'SOLS01183_BLACK_Y12'),
(238, 4, 9, 29, '2015-12-02 14:39:55', '2015-12-02 14:39:55', 'SOLS01183_WHITE_Y2'),
(239, 4, 10, 29, '2015-12-02 14:39:55', '2015-12-02 14:39:55', 'SOLS01183_WHITE_Y4'),
(240, 4, 11, 29, '2015-12-02 14:39:55', '2015-12-02 14:39:55', 'SOLS01183_WHITE_Y6'),
(241, 4, 12, 29, '2015-12-02 14:39:56', '2015-12-02 14:39:56', 'SOLS01183_WHITE_Y8'),
(242, 4, 13, 29, '2015-12-02 14:39:56', '2015-12-02 14:39:56', 'SOLS01183_WHITE_Y10'),
(243, 4, 14, 29, '2015-12-02 14:39:56', '2015-12-02 14:39:56', 'SOLS01183_WHITE_Y12'),
(244, 4, 18, 30, '2015-12-02 14:39:56', '2015-12-02 14:39:56', 'EPB01_WHITE_M0/3'),
(245, 4, 15, 30, '2015-12-02 14:39:56', '2015-12-02 14:39:56', 'EPB01_WHITE_M3/6'),
(246, 4, 16, 30, '2015-12-02 14:39:56', '2015-12-02 14:39:56', 'EPB01_WHITE_M6/12'),
(247, 4, 17, 30, '2015-12-02 14:39:56', '2015-12-02 14:39:56', 'EPB01_WHITE_M12/18'),
(248, 4, 18, 31, '2015-12-02 14:39:56', '2015-12-02 14:39:56', 'EPB02_WHITE_M0/3'),
(249, 4, 15, 31, '2015-12-02 14:39:56', '2015-12-02 14:39:56', 'EPB02_WHITE_M3/6'),
(250, 4, 16, 31, '2015-12-02 14:39:56', '2015-12-02 14:39:56', 'EPB02_WHITE_M6/12'),
(251, 4, 17, 31, '2015-12-02 14:39:56', '2015-12-02 14:39:56', 'EPB02_WHITE_M12/18'),
(252, 5, 4, 19, '2015-12-02 14:39:56', '2015-12-02 14:39:56', 'GI18000B_SPORTGREY_XL'),
(253, 2, 3, 19, '2015-12-02 14:39:56', '2015-12-02 14:39:56', 'GI18000B_BLACK_S'),
(254, 2, 2, 19, '2015-12-02 14:39:56', '2015-12-02 14:39:56', 'GI18000B_BLACK_M'),
(255, 2, 1, 19, '2015-12-02 14:39:56', '2015-12-02 14:39:56', 'GI18000B_BLACK_L'),
(256, 2, 4, 19, '2015-12-02 14:39:56', '2015-12-02 14:39:56', 'GI18000B_BLACK_XL'),
(257, 5, 3, 32, '2015-12-02 14:39:56', '2015-12-02 14:39:56', 'GI18500B_SPORTGREY_S'),
(258, 5, 2, 32, '2015-12-02 14:39:56', '2015-12-02 14:39:56', 'GI18500B_SPORTGREY_M'),
(259, 5, 1, 32, '2015-12-02 14:39:56', '2015-12-02 14:39:56', 'GI18500B_SPORTGREY_L'),
(260, 2, 3, 32, '2015-12-02 14:39:56', '2015-12-02 14:39:56', 'GI18500B_BLACK_S'),
(261, 2, 2, 32, '2015-12-02 14:39:56', '2015-12-02 14:39:56', 'GI18500B_BLACK_M'),
(262, 2, 1, 32, '2015-12-02 14:39:56', '2015-12-02 14:39:56', 'GI18500B_BLACK_L'),
(263, 2, 4, 32, '2015-12-02 14:39:56', '2015-12-02 14:39:56', 'GI18500B_BLACK_XL'),
(264, 2, 6, 33, '2015-12-02 14:39:56', '2015-12-02 14:39:56', 'SOLS70101_BLACK_TU'),
(265, 4, 6, 34, '2015-12-02 14:39:56', '2015-12-02 14:39:56', 'BAVOIR4010_WHITE_TU'),
(266, 35, 6, 34, '2015-12-02 14:39:56', '2015-12-02 14:39:56', 'BAVOIR4010_BABYBLUE_TU'),
(267, 36, 6, 34, '2015-12-02 14:39:56', '2015-12-02 14:39:56', 'BAVOIR4010_FUSHIA_TU'),
(268, 2, 6, 35, '2015-12-02 14:39:56', '2015-12-02 14:39:56', 'BEANIEB45B_BLACK_TU'),
(269, 37, 15, 36, '2015-12-02 14:39:56', '2015-12-02 14:39:56', 'BB053_WHITEBLACK_M3/6'),
(270, 37, 16, 36, '2015-12-02 14:39:57', '2015-12-02 14:39:57', 'BB053_WHITEBLACK_M6/12'),
(271, 37, 17, 36, '2015-12-02 14:39:57', '2015-12-02 14:39:57', 'BB053_WHITEBLACK_M12/18'),
(272, 37, 19, 36, '2015-12-02 14:39:57', '2015-12-02 14:39:57', 'BB053_WHITEBLACK_M18/24'),
(273, 37, 9, 37, '2015-12-02 14:39:57', '2015-12-02 14:39:57', 'BB153_WHITEBLACK_Y2'),
(274, 37, 10, 37, '2015-12-02 14:39:57', '2015-12-02 14:39:57', 'BB153_WHITEBLACK_Y4'),
(275, 37, 11, 37, '2015-12-02 14:39:57', '2015-12-02 14:39:57', 'BB153_WHITEBLACK_Y6'),
(276, 37, 12, 38, '2015-12-02 14:39:57', '2015-12-02 14:39:57', 'BB253_WHITEBLACK_Y8'),
(277, 37, 13, 38, '2015-12-02 14:39:57', '2015-12-02 14:39:57', 'BB253_WHITEBLACK_Y10'),
(278, 37, 14, 38, '2015-12-02 14:39:57', '2015-12-02 14:39:57', 'BB253_WHITEBLACK_Y12'),
(279, 5, 4, 32, '2015-12-02 14:39:57', '2015-12-02 14:39:57', 'GI18500B_SPORTGREY_XL'),
(280, 2, 3, 39, '2015-12-02 14:39:57', '2015-12-02 14:39:57', 'R204X_BLACK_S'),
(281, 2, 2, 39, '2015-12-02 14:39:57', '2015-12-02 14:39:57', 'R204X_BLACK_M'),
(282, 2, 1, 39, '2015-12-02 14:39:57', '2015-12-02 14:39:57', 'R204X_BLACK_L'),
(283, 38, 3, 2, '2015-12-02 14:39:57', '2015-12-02 14:39:57', 'GI18000_PURPLE_S'),
(284, 38, 2, 2, '2015-12-02 14:39:57', '2015-12-02 14:39:57', 'GI18000_PURPLE_M'),
(285, 38, 1, 2, '2015-12-02 14:39:57', '2015-12-02 14:39:57', 'GI18000_PURPLE_L'),
(286, 39, 3, 2, '2015-12-02 14:39:57', '2015-12-02 14:39:57', 'GI18000_LIGHTPINK_S'),
(287, 39, 2, 2, '2015-12-02 14:39:57', '2015-12-02 14:39:57', 'GI18000_LIGHTPINK_M'),
(288, 39, 1, 2, '2015-12-02 14:39:57', '2015-12-02 14:39:57', 'GI18000_LIGHTPINK_L'),
(289, 40, 3, 2, '2015-12-02 14:39:57', '2015-12-02 14:39:57', 'GI18000_GOLD_S'),
(290, 40, 2, 2, '2015-12-02 14:39:57', '2015-12-02 14:39:57', 'GI18000_GOLD_M'),
(291, 40, 1, 2, '2015-12-02 14:39:57', '2015-12-02 14:39:57', 'GI18000_GOLD_L'),
(292, 41, 3, 2, '2015-12-02 14:39:57', '2015-12-02 14:39:57', 'GI18000_LIGHTBLUE_S'),
(293, 41, 2, 2, '2015-12-02 14:39:57', '2015-12-02 14:39:57', 'GI18000_LIGHTBLUE_M'),
(294, 41, 1, 2, '2015-12-02 14:39:57', '2015-12-02 14:39:57', 'GI18000_LIGHTBLUE_L'),
(295, 4, 3, 40, '2015-12-02 14:39:58', '2015-12-02 14:39:58', 'TANKBE8803_WHITE_S'),
(296, 4, 2, 40, '2015-12-02 14:39:58', '2015-12-02 14:39:58', 'TANKBE8803_WHITE_M'),
(297, 4, 1, 40, '2015-12-02 14:39:58', '2015-12-02 14:39:58', 'TANKBE8803_WHITE_L'),
(298, 2, 3, 40, '2015-12-02 14:39:58', '2015-12-02 14:39:58', 'TANKBE8803_BLACK_S'),
(299, 2, 2, 40, '2015-12-02 14:39:58', '2015-12-02 14:39:58', 'TANKBE8803_BLACK_M'),
(300, 2, 1, 40, '2015-12-02 14:39:58', '2015-12-02 14:39:58', 'TANKBE8803_BLACK_L'),
(301, 7, 1, 41, '2015-12-02 14:39:58', '2015-12-02 14:39:58', 'CROPBE8880_NOIR_L'),
(302, 7, 2, 41, '2015-12-02 14:39:58', '2015-12-02 14:39:58', 'CROPBE8880_NOIR_M'),
(303, 7, 3, 41, '2015-12-02 14:39:58', '2015-12-02 14:39:58', 'CROPBE8880_NOIR_S'),
(304, 7, 4, 41, '2015-12-02 14:39:58', '2015-12-02 14:39:58', 'CROPBE8880_NOIR_XL'),
(305, 6, 1, 41, '2015-12-02 14:39:58', '2015-12-02 14:39:58', 'CROPBE8880_BLANC_L'),
(306, 6, 2, 41, '2015-12-02 14:39:58', '2015-12-02 14:39:58', 'CROPBE8880_BLANC_M'),
(307, 6, 3, 41, '2015-12-02 14:39:58', '2015-12-02 14:39:58', 'CROPBE8880_BLANC_S'),
(308, 6, 4, 41, '2015-12-02 14:39:58', '2015-12-02 14:39:58', 'CROPBE8880_BLANC_XL'),
(309, 2, 6, 42, '2015-12-02 14:39:58', '2015-12-02 14:39:58', 'BE660_BLACK_TU'),
(310, 4, 20, 43, '2015-12-02 14:39:58', '2015-12-02 14:39:58', 'AMS05_WHITE_36'),
(311, 4, 21, 43, '2015-12-02 14:39:58', '2015-12-02 14:39:58', 'AMS05_WHITE_37'),
(312, 4, 22, 43, '2015-12-02 14:39:58', '2015-12-02 14:39:58', 'AMS05_WHITE_38'),
(313, 4, 23, 43, '2015-12-02 14:39:58', '2015-12-02 14:39:58', 'AMS05_WHITE_39'),
(314, 4, 24, 44, '2015-12-02 14:39:58', '2015-12-02 14:39:58', 'AMS04_WHITE_40'),
(315, 4, 25, 44, '2015-12-02 14:39:58', '2015-12-02 14:39:58', 'AMS04_WHITE_41'),
(316, 4, 26, 44, '2015-12-02 14:39:58', '2015-12-02 14:39:58', 'AMS04_WHITE_42'),
(317, 4, 27, 44, '2015-12-02 14:39:58', '2015-12-02 14:39:58', 'AMS04_WHITE_43'),
(318, 4, 28, 44, '2015-12-02 14:39:59', '2015-12-02 14:39:59', 'AMS04_WHITE_44'),
(319, 4, 29, 44, '2015-12-02 14:39:59', '2015-12-02 14:39:59', 'AMS04_WHITE_45'),
(320, 2, 20, 43, '2015-12-02 14:39:59', '2015-12-02 14:39:59', 'AMS05_BLACK_36'),
(321, 2, 21, 43, '2015-12-02 14:39:59', '2015-12-02 14:39:59', 'AMS05_BLACK_37'),
(322, 2, 22, 43, '2015-12-02 14:39:59', '2015-12-02 14:39:59', 'AMS05_BLACK_38'),
(323, 2, 23, 43, '2015-12-02 14:39:59', '2015-12-02 14:39:59', 'AMS05_BLACK_39'),
(324, 2, 24, 44, '2015-12-02 14:39:59', '2015-12-02 14:39:59', 'AMS04_BLACK_40'),
(325, 2, 25, 44, '2015-12-02 14:39:59', '2015-12-02 14:39:59', 'AMS04_BLACK_41'),
(326, 2, 26, 44, '2015-12-02 14:39:59', '2015-12-02 14:39:59', 'AMS04_BLACK_42'),
(327, 2, 27, 44, '2015-12-02 14:39:59', '2015-12-02 14:39:59', 'AMS04_BLACK_43'),
(328, 2, 28, 44, '2015-12-02 14:39:59', '2015-12-02 14:39:59', 'AMS04_BLACK_44'),
(329, 2, 29, 44, '2015-12-02 14:39:59', '2015-12-02 14:39:59', 'AMS04_BLACK_45'),
(330, 5, 5, 2, '2015-12-02 14:39:59', '2015-12-02 14:39:59', 'GI18000_SPORTGREY_XS'),
(331, 16, 20, 43, '2015-12-02 14:39:59', '2015-12-02 14:39:59', 'AMS05_NAVY_36'),
(332, 16, 21, 43, '2015-12-02 14:39:59', '2015-12-02 14:39:59', 'AMS05_NAVY_37'),
(333, 16, 22, 43, '2015-12-02 14:39:59', '2015-12-02 14:39:59', 'AMS05_NAVY_38'),
(334, 16, 23, 43, '2015-12-02 14:39:59', '2015-12-02 14:39:59', 'AMS05_NAVY_39'),
(335, 16, 24, 44, '2015-12-02 14:39:59', '2015-12-02 14:39:59', 'AMS04_NAVY_40'),
(336, 16, 25, 44, '2015-12-02 14:39:59', '2015-12-02 14:39:59', 'AMS04_NAVY_41'),
(337, 16, 26, 44, '2015-12-02 14:39:59', '2015-12-02 14:39:59', 'AMS04_NAVY_42'),
(338, 16, 27, 44, '2015-12-02 14:39:59', '2015-12-02 14:39:59', 'AMS04_NAVY_43'),
(339, 16, 28, 44, '2015-12-02 14:39:59', '2015-12-02 14:39:59', 'AMS04_NAVY_44'),
(340, 16, 29, 44, '2015-12-02 14:39:59', '2015-12-02 14:39:59', 'AMS04_NAVY_45'),
(341, 42, 5, 45, '2015-12-02 14:39:59', '2015-12-02 14:39:59', 'AA7301_RED_XS'),
(342, 42, 3, 45, '2015-12-02 14:40:00', '2015-12-02 14:40:00', 'AA7301_RED_S'),
(343, 42, 2, 45, '2015-12-02 14:40:00', '2015-12-02 14:40:00', 'AA7301_RED_M'),
(344, 42, 1, 45, '2015-12-02 14:40:00', '2015-12-02 14:40:00', 'AA7301_RED_L'),
(345, 2, 3, 46, '2015-12-02 14:40:00', '2015-12-02 14:40:00', 'RNT48N_BLACK_S'),
(346, 2, 2, 46, '2015-12-02 14:40:00', '2015-12-02 14:40:00', 'RNT48N_BLACK_M'),
(347, 2, 1, 46, '2015-12-02 14:40:00', '2015-12-02 14:40:00', 'RNT48N_BLACK_L'),
(348, 4, 9, 47, '2015-12-02 14:40:00', '2015-12-02 14:40:00', 'BB108_WHITE_Y2'),
(349, 4, 10, 47, '2015-12-02 14:40:00', '2015-12-02 14:40:00', 'BB108_WHITE_Y4'),
(350, 4, 11, 47, '2015-12-02 14:40:00', '2015-12-02 14:40:00', 'BB108_WHITE_Y6'),
(351, 4, 12, 48, '2015-12-02 14:40:00', '2015-12-02 14:40:00', 'BB208_WHITE_Y8'),
(352, 4, 13, 48, '2015-12-02 14:40:00', '2015-12-02 14:40:00', 'BB208_WHITE_Y10'),
(353, 4, 14, 48, '2015-12-02 14:40:00', '2015-12-02 14:40:00', 'BB208_WHITE_Y12'),
(354, 2, 6, 49, '2015-12-02 14:40:00', '2015-12-02 14:40:00', 'BE658_BLACK_TU'),
(355, 16, 6, 49, '2015-12-02 14:40:00', '2015-12-02 14:40:00', 'BE658_NAVY_TU'),
(356, 2, 6, 50, '2015-12-02 14:40:00', '2015-12-02 14:40:00', 'BE654_BLACK_TU'),
(357, 4, 6, 50, '2015-12-02 14:40:00', '2015-12-02 14:40:00', 'BE654_WHITE_TU'),
(358, 43, 20, 43, '2015-12-02 14:40:00', '2015-12-02 14:40:00', 'AMS05_BEIGE_36'),
(359, 43, 21, 43, '2015-12-02 14:40:00', '2015-12-02 14:40:00', 'AMS05_BEIGE_37'),
(360, 43, 22, 43, '2015-12-02 14:40:00', '2015-12-02 14:40:00', 'AMS05_BEIGE_38'),
(361, 43, 23, 43, '2015-12-02 14:40:00', '2015-12-02 14:40:00', 'AMS05_BEIGE_39'),
(362, 43, 24, 44, '2015-12-02 14:40:00', '2015-12-02 14:40:00', 'AMS04_BEIGE_40'),
(363, 43, 25, 44, '2015-12-02 14:40:00', '2015-12-02 14:40:00', 'AMS04_BEIGE_41'),
(364, 43, 26, 44, '2015-12-02 14:40:01', '2015-12-02 14:40:01', 'AMS04_BEIGE_42'),
(365, 43, 27, 44, '2015-12-02 14:40:01', '2015-12-02 14:40:01', 'AMS04_BEIGE_43'),
(366, 43, 28, 44, '2015-12-02 14:40:01', '2015-12-02 14:40:01', 'AMS04_BEIGE_44'),
(367, 43, 29, 44, '2015-12-02 14:40:01', '2015-12-02 14:40:01', 'AMS04_BEIGE_45'),
(368, 44, 20, 43, '2015-12-02 14:40:01', '2015-12-02 14:40:01', 'AMS05_CAMEL_36'),
(369, 44, 21, 43, '2015-12-02 14:40:01', '2015-12-02 14:40:01', 'AMS05_CAMEL_37'),
(370, 44, 22, 43, '2015-12-02 14:40:01', '2015-12-02 14:40:01', 'AMS05_CAMEL_38'),
(371, 44, 23, 43, '2015-12-02 14:40:01', '2015-12-02 14:40:01', 'AMS05_CAMEL_39'),
(372, 44, 24, 44, '2015-12-02 14:40:01', '2015-12-02 14:40:01', 'AMS04_CAMEL_40'),
(373, 44, 25, 44, '2015-12-02 14:40:01', '2015-12-02 14:40:01', 'AMS04_CAMEL_41'),
(374, 44, 26, 44, '2015-12-02 14:40:01', '2015-12-02 14:40:01', 'AMS04_CAMEL_42'),
(375, 44, 27, 44, '2015-12-02 14:40:01', '2015-12-02 14:40:01', 'AMS04_CAMEL_43'),
(376, 44, 28, 44, '2015-12-02 14:40:01', '2015-12-02 14:40:01', 'AMS04_CAMEL_44'),
(377, 44, 29, 44, '2015-12-02 14:40:01', '2015-12-02 14:40:01', 'AMS04_CAMEL_45'),
(378, 32, 20, 43, '2015-12-02 14:40:01', '2015-12-02 14:40:01', 'AMS05_BURGUNDY_36'),
(379, 32, 21, 43, '2015-12-02 14:40:01', '2015-12-02 14:40:01', 'AMS05_BURGUNDY_37'),
(380, 32, 22, 43, '2015-12-02 14:40:01', '2015-12-02 14:40:01', 'AMS05_BURGUNDY_38'),
(381, 32, 23, 43, '2015-12-02 14:40:01', '2015-12-02 14:40:01', 'AMS05_BURGUNDY_39'),
(382, 32, 24, 44, '2015-12-02 14:40:01', '2015-12-02 14:40:01', 'AMS04_BURGUNDY_40'),
(383, 32, 25, 44, '2015-12-02 14:40:01', '2015-12-02 14:40:01', 'AMS04_BURGUNDY_41'),
(384, 32, 26, 44, '2015-12-02 14:40:02', '2015-12-02 14:40:02', 'AMS04_BURGUNDY_42'),
(385, 32, 27, 44, '2015-12-02 14:40:02', '2015-12-02 14:40:02', 'AMS04_BURGUNDY_43'),
(386, 32, 28, 44, '2015-12-02 14:40:02', '2015-12-02 14:40:02', 'AMS04_BURGUNDY_44'),
(387, 32, 29, 44, '2015-12-02 14:40:02', '2015-12-02 14:40:02', 'AMS04_BURGUNDY_45'),
(388, 16, 3, 45, '2015-12-02 14:40:02', '2015-12-02 14:40:02', 'AA7301_NAVY_S'),
(389, 16, 2, 45, '2015-12-02 14:40:02', '2015-12-02 14:40:02', 'AA7301_NAVY_M'),
(390, 16, 1, 45, '2015-12-02 14:40:02', '2015-12-02 14:40:02', 'AA7301_NAVY_L'),
(391, 2, 3, 45, '2015-12-02 14:40:02', '2015-12-02 14:40:02', 'AA7301_BLACK_S'),
(392, 2, 2, 45, '2015-12-02 14:40:02', '2015-12-02 14:40:02', 'AA7301_BLACK_M'),
(393, 2, 1, 45, '2015-12-02 14:40:02', '2015-12-02 14:40:02', 'AA7301_BLACK_L'),
(394, 16, 5, 45, '2015-12-02 14:40:02', '2015-12-02 14:40:02', 'AA7301_NAVY_XS'),
(395, 2, 5, 45, '2015-12-02 14:40:02', '2015-12-02 14:40:02', 'AA7301_BLACK_XS'),
(396, 5, 4, 2, '2015-12-02 14:40:02', '2015-12-02 14:40:02', 'GI18000_SPORTGREY_XL'),
(397, 45, 6, 28, '2015-12-02 14:40:02', '2015-12-02 14:40:02', 'BEANIEB45_MUSTARD_TU'),
(398, 39, 6, 28, '2015-12-02 14:40:02', '2015-12-02 14:40:02', 'BEANIEB45_LIGHTPINK_TU'),
(399, 41, 6, 28, '2015-12-02 14:40:02', '2015-12-02 14:40:02', 'BEANIEB45_LIGHTBLUE_TU'),
(400, 46, 6, 28, '2015-12-02 14:40:02', '2015-12-02 14:40:02', 'BEANIEB45_SAPPHIREBLUE_TU'),
(401, 2, 30, 51, '2015-12-02 14:40:02', '2015-12-02 14:40:02', 'GLOVESB490_BLACK_SM'),
(402, 2, 30, 52, '2015-12-02 14:40:02', '2015-12-02 14:40:02', 'GLOVESB491_BLACK_SM'),
(403, 2, 6, 53, '2015-12-02 14:40:03', '2015-12-02 14:40:03', 'BUCKETB689_BLACK_TU'),
(404, 3, 31, 54, '2015-12-02 14:40:03', '2015-12-02 14:40:03', 'SWEAT5050_DARKGREY_XXS'),
(405, 3, 5, 54, '2015-12-02 14:40:03', '2015-12-02 14:40:03', 'SWEAT5050_DARKGREY_XS'),
(406, 3, 3, 54, '2015-12-02 14:40:03', '2015-12-02 14:40:03', 'SWEAT5050_DARKGREY_S'),
(407, 3, 2, 54, '2015-12-02 14:40:03', '2015-12-02 14:40:03', 'SWEAT5050_DARKGREY_M'),
(408, 3, 1, 54, '2015-12-02 14:40:03', '2015-12-02 14:40:03', 'SWEAT5050_DARKGREY_L'),
(409, 3, 4, 54, '2015-12-02 14:40:03', '2015-12-02 14:40:03', 'SWEAT5050_DARKGREY_XL'),
(410, 41, 31, 54, '2015-12-02 14:40:03', '2015-12-02 14:40:03', 'SWEAT5050_LIGHTBLUE_XXS'),
(411, 41, 5, 54, '2015-12-02 14:40:03', '2015-12-02 14:40:03', 'SWEAT5050_LIGHTBLUE_XS'),
(412, 41, 3, 54, '2015-12-02 14:40:03', '2015-12-02 14:40:03', 'SWEAT5050_LIGHTBLUE_S'),
(413, 41, 2, 54, '2015-12-02 14:40:03', '2015-12-02 14:40:03', 'SWEAT5050_LIGHTBLUE_M'),
(414, 41, 1, 54, '2015-12-02 14:40:03', '2015-12-02 14:40:03', 'SWEAT5050_LIGHTBLUE_L'),
(415, 41, 4, 54, '2015-12-02 14:40:03', '2015-12-02 14:40:03', 'SWEAT5050_LIGHTBLUE_XL'),
(416, 39, 31, 54, '2015-12-02 14:40:03', '2015-12-02 14:40:03', 'SWEAT5050_LIGHTPINK_XXS'),
(417, 39, 5, 54, '2015-12-02 14:40:03', '2015-12-02 14:40:03', 'SWEAT5050_LIGHTPINK_XS'),
(418, 39, 3, 54, '2015-12-02 14:40:03', '2015-12-02 14:40:03', 'SWEAT5050_LIGHTPINK_S'),
(419, 39, 2, 54, '2015-12-02 14:40:03', '2015-12-02 14:40:03', 'SWEAT5050_LIGHTPINK_M'),
(420, 39, 1, 54, '2015-12-02 14:40:03', '2015-12-02 14:40:03', 'SWEAT5050_LIGHTPINK_L'),
(421, 39, 4, 54, '2015-12-02 14:40:03', '2015-12-02 14:40:03', 'SWEAT5050_LIGHTPINK_XL'),
(422, 32, 31, 54, '2015-12-02 14:40:04', '2015-12-02 14:40:04', 'SWEAT5050_BURGUNDY_XXS'),
(423, 32, 5, 54, '2015-12-02 14:40:04', '2015-12-02 14:40:04', 'SWEAT5050_BURGUNDY_XS'),
(424, 32, 3, 54, '2015-12-02 14:40:04', '2015-12-02 14:40:04', 'SWEAT5050_BURGUNDY_S'),
(425, 32, 2, 54, '2015-12-02 14:40:04', '2015-12-02 14:40:04', 'SWEAT5050_BURGUNDY_M'),
(426, 32, 1, 54, '2015-12-02 14:40:04', '2015-12-02 14:40:04', 'SWEAT5050_BURGUNDY_L'),
(427, 32, 4, 54, '2015-12-02 14:40:04', '2015-12-02 14:40:04', 'SWEAT5050_BURGUNDY_XL'),
(428, 16, 31, 54, '2015-12-02 14:40:04', '2015-12-02 14:40:04', 'SWEAT5050_NAVY_XXS'),
(429, 16, 5, 54, '2015-12-02 14:40:04', '2015-12-02 14:40:04', 'SWEAT5050_NAVY_XS'),
(430, 16, 3, 54, '2015-12-02 14:40:04', '2015-12-02 14:40:04', 'SWEAT5050_NAVY_S'),
(431, 16, 2, 54, '2015-12-02 14:40:04', '2015-12-02 14:40:04', 'SWEAT5050_NAVY_M'),
(432, 16, 1, 54, '2015-12-02 14:40:04', '2015-12-02 14:40:04', 'SWEAT5050_NAVY_L'),
(433, 16, 4, 54, '2015-12-02 14:40:04', '2015-12-02 14:40:04', 'SWEAT5050_NAVY_XL'),
(434, 5, 31, 54, '2015-12-02 14:40:04', '2015-12-02 14:40:04', 'SWEAT5050_SPORTGREY_XXS'),
(435, 5, 5, 54, '2015-12-02 14:40:04', '2015-12-02 14:40:04', 'SWEAT5050_SPORTGREY_XS'),
(436, 5, 3, 54, '2015-12-02 14:40:04', '2015-12-02 14:40:04', 'SWEAT5050_SPORTGREY_S'),
(437, 5, 2, 54, '2015-12-02 14:40:04', '2015-12-02 14:40:04', 'SWEAT5050_SPORTGREY_M'),
(438, 5, 1, 54, '2015-12-02 14:40:04', '2015-12-02 14:40:04', 'SWEAT5050_SPORTGREY_L'),
(439, 5, 4, 54, '2015-12-02 14:40:04', '2015-12-02 14:40:04', 'SWEAT5050_SPORTGREY_XL'),
(440, 4, 31, 54, '2015-12-02 14:40:04', '2015-12-02 14:40:04', 'SWEAT5050_WHITE_XXS'),
(441, 4, 5, 54, '2015-12-02 14:40:05', '2015-12-02 14:40:05', 'SWEAT5050_WHITE_XS'),
(442, 4, 3, 54, '2015-12-02 14:40:05', '2015-12-02 14:40:05', 'SWEAT5050_WHITE_S'),
(443, 4, 2, 54, '2015-12-02 14:40:05', '2015-12-02 14:40:05', 'SWEAT5050_WHITE_M'),
(444, 4, 1, 54, '2015-12-02 14:40:05', '2015-12-02 14:40:05', 'SWEAT5050_WHITE_L'),
(445, 4, 4, 54, '2015-12-02 14:40:05', '2015-12-02 14:40:05', 'SWEAT5050_WHITE_XL'),
(446, 2, 31, 54, '2015-12-02 14:40:05', '2015-12-02 14:40:05', 'SWEAT5050_BLACK_XXS'),
(447, 2, 5, 54, '2015-12-02 14:40:05', '2015-12-02 14:40:05', 'SWEAT5050_BLACK_XS'),
(448, 2, 3, 54, '2015-12-02 14:40:05', '2015-12-02 14:40:05', 'SWEAT5050_BLACK_S'),
(449, 2, 2, 54, '2015-12-02 14:40:05', '2015-12-02 14:40:05', 'SWEAT5050_BLACK_M'),
(450, 2, 1, 54, '2015-12-02 14:40:05', '2015-12-02 14:40:05', 'SWEAT5050_BLACK_L'),
(451, 2, 4, 54, '2015-12-02 14:40:05', '2015-12-02 14:40:05', 'SWEAT5050_BLACK_XL'),
(452, 4, 5, 55, '2015-12-02 14:40:05', '2015-12-02 14:40:05', 'TSHIRT5050_WHITE_XS'),
(453, 4, 3, 55, '2015-12-02 14:40:05', '2015-12-02 14:40:05', 'TSHIRT5050_WHITE_S'),
(454, 4, 2, 55, '2015-12-02 14:40:05', '2015-12-02 14:40:05', 'TSHIRT5050_WHITE_M'),
(455, 4, 1, 55, '2015-12-02 14:40:05', '2015-12-02 14:40:05', 'TSHIRT5050_WHITE_L'),
(456, 4, 4, 55, '2015-12-02 14:40:06', '2015-12-02 14:40:06', 'TSHIRT5050_WHITE_XL'),
(457, 2, 5, 55, '2015-12-02 14:40:06', '2015-12-02 14:40:06', 'TSHIRT5050_BLACK_XS'),
(458, 2, 3, 55, '2015-12-02 14:40:06', '2015-12-02 14:40:06', 'TSHIRT5050_BLACK_S'),
(459, 2, 2, 55, '2015-12-02 14:40:06', '2015-12-02 14:40:06', 'TSHIRT5050_BLACK_M'),
(460, 2, 1, 55, '2015-12-02 14:40:06', '2015-12-02 14:40:06', 'TSHIRT5050_BLACK_L'),
(461, 2, 4, 55, '2015-12-02 14:40:06', '2015-12-02 14:40:06', 'TSHIRT5050_BLACK_XL'),
(462, 2, 5, 56, '2015-12-02 14:40:06', '2015-12-02 14:40:06', 'TANK5050_BLACK_XS'),
(463, 2, 3, 56, '2015-12-02 14:40:06', '2015-12-02 14:40:06', 'TANK5050_BLACK_S'),
(464, 2, 2, 56, '2015-12-02 14:40:06', '2015-12-02 14:40:06', 'TANK5050_BLACK_M'),
(465, 2, 1, 56, '2015-12-02 14:40:06', '2015-12-02 14:40:06', 'TANK5050_BLACK_L'),
(466, 2, 4, 56, '2015-12-02 14:40:06', '2015-12-02 14:40:06', 'TANK5050_BLACK_XL'),
(467, 4, 5, 56, '2015-12-02 14:40:06', '2015-12-02 14:40:06', 'TANK5050_WHITE_XS'),
(468, 4, 3, 56, '2015-12-02 14:40:06', '2015-12-02 14:40:06', 'TANK5050_WHITE_S'),
(469, 4, 2, 56, '2015-12-02 14:40:06', '2015-12-02 14:40:06', 'TANK5050_WHITE_M'),
(470, 4, 1, 56, '2015-12-02 14:40:06', '2015-12-02 14:40:06', 'TANK5050_WHITE_L'),
(471, 4, 4, 56, '2015-12-02 14:40:06', '2015-12-02 14:40:06', 'TANK5050_WHITE_XL'),
(472, 16, 5, 56, '2015-12-02 14:40:07', '2015-12-02 14:40:07', 'TANK5050_NAVY_XS'),
(473, 16, 3, 56, '2015-12-02 14:40:07', '2015-12-02 14:40:07', 'TANK5050_NAVY_S'),
(474, 16, 2, 56, '2015-12-02 14:40:07', '2015-12-02 14:40:07', 'TANK5050_NAVY_M'),
(475, 16, 1, 56, '2015-12-02 14:40:07', '2015-12-02 14:40:07', 'TANK5050_NAVY_L'),
(476, 16, 4, 56, '2015-12-02 14:40:07', '2015-12-02 14:40:07', 'TANK5050_NAVY_XL'),
(477, 32, 5, 56, '2015-12-02 14:40:07', '2015-12-02 14:40:07', 'TANK5050_BURGUNDY_XS'),
(478, 32, 3, 56, '2015-12-02 14:40:07', '2015-12-02 14:40:07', 'TANK5050_BURGUNDY_S'),
(479, 32, 2, 56, '2015-12-02 14:40:07', '2015-12-02 14:40:07', 'TANK5050_BURGUNDY_M'),
(480, 32, 1, 56, '2015-12-02 14:40:07', '2015-12-02 14:40:07', 'TANK5050_BURGUNDY_L'),
(481, 32, 4, 56, '2015-12-02 14:40:07', '2015-12-02 14:40:07', 'TANK5050_BURGUNDY_XL'),
(482, 2, 3, 57, '2015-12-02 14:40:07', '2015-12-02 14:40:07', 'WTANK_BLACK_S'),
(483, 2, 2, 57, '2015-12-02 14:40:07', '2015-12-02 14:40:07', 'WTANK_BLACK_M'),
(484, 2, 1, 57, '2015-12-02 14:40:07', '2015-12-02 14:40:07', 'WTANK_BLACK_L'),
(485, 4, 3, 57, '2015-12-02 14:40:07', '2015-12-02 14:40:07', 'WTANK_WHITE_S'),
(486, 4, 2, 57, '2015-12-02 14:40:07', '2015-12-02 14:40:07', 'WTANK_WHITE_M'),
(487, 4, 1, 57, '2015-12-02 14:40:07', '2015-12-02 14:40:07', 'WTANK_WHITE_L'),
(488, 2, 6, 58, '2015-12-02 14:40:08', '2015-12-02 14:40:08', 'UMBKI2010_BLACK_TU'),
(489, 47, 31, 54, '2015-12-02 14:40:08', '2015-12-02 14:40:08', 'SWEAT5050_YELLOW_XXS'),
(490, 47, 5, 54, '2015-12-02 14:40:08', '2015-12-02 14:40:08', 'SWEAT5050_YELLOW_XS'),
(491, 47, 3, 54, '2015-12-02 14:40:08', '2015-12-02 14:40:08', 'SWEAT5050_YELLOW_S'),
(492, 47, 2, 54, '2015-12-02 14:40:08', '2015-12-02 14:40:08', 'SWEAT5050_YELLOW_M'),
(493, 47, 1, 54, '2015-12-02 14:40:08', '2015-12-02 14:40:08', 'SWEAT5050_YELLOW_L'),
(494, 47, 4, 54, '2015-12-02 14:40:08', '2015-12-02 14:40:08', 'SWEAT5050_YELLOW_XL'),
(495, 8, 31, 54, '2015-12-02 14:40:08', '2015-12-02 14:40:08', 'SWEAT5050_ForestGreen_XXS'),
(496, 8, 5, 54, '2015-12-02 14:40:08', '2015-12-02 14:40:08', 'SWEAT5050_ForestGreen_XS'),
(497, 8, 3, 54, '2015-12-02 14:40:08', '2015-12-02 14:40:08', 'SWEAT5050_ForestGreen_S'),
(498, 8, 2, 54, '2015-12-02 14:40:08', '2015-12-02 14:40:08', 'SWEAT5050_ForestGreen_M'),
(499, 8, 1, 54, '2015-12-02 14:40:08', '2015-12-02 14:40:08', 'SWEAT5050_ForestGreen_L'),
(500, 8, 4, 54, '2015-12-02 14:40:08', '2015-12-02 14:40:08', 'SWEAT5050_ForestGreen_XL'),
(501, 9, 31, 54, '2015-12-02 14:40:08', '2015-12-02 14:40:08', 'SWEAT5050_CherryRed_XXS'),
(502, 9, 5, 54, '2015-12-02 14:40:08', '2015-12-02 14:40:08', 'SWEAT5050_CherryRed_XS'),
(503, 9, 3, 54, '2015-12-02 14:40:08', '2015-12-02 14:40:08', 'SWEAT5050_CherryRed_S'),
(504, 9, 2, 54, '2015-12-02 14:40:09', '2015-12-02 14:40:09', 'SWEAT5050_CherryRed_M'),
(505, 9, 1, 54, '2015-12-02 14:40:09', '2015-12-02 14:40:09', 'SWEAT5050_CherryRed_L'),
(506, 9, 4, 54, '2015-12-02 14:40:09', '2015-12-02 14:40:09', 'SWEAT5050_CherryRed_XL');

-- --------------------------------------------------------

--
-- Structure de la table `design_color`
--

CREATE TABLE IF NOT EXISTS `design_color` (
  `id` int(11) NOT NULL,
  `magento_id` int(11) DEFAULT NULL,
  `created_at` datetime NOT NULL,
  `updated_at` datetime NOT NULL,
  `name` varchar(255) COLLATE utf8_unicode_ci NOT NULL
) ENGINE=InnoDB AUTO_INCREMENT=8 DEFAULT CHARSET=utf8 COLLATE=utf8_unicode_ci;

--
-- Contenu de la table `design_color`
--

INSERT INTO `design_color` (`id`, `magento_id`, `created_at`, `updated_at`, `name`) VALUES
(1, 1, '2015-12-02 14:35:29', '2015-12-02 14:35:29', '401 Poli-flex Premium folie, White'),
(2, 2, '2015-12-02 14:35:29', '2015-12-02 14:35:29', '402 Poli-flex Premium folie, Black'),
(3, 3, '2015-12-02 14:35:29', '2015-12-02 14:35:29', '406 Poli-flex Premium folie, Royal Blue'),
(4, 4, '2015-12-02 14:35:29', '2015-12-02 14:35:29', '420 Poli-flex Premium folie, Gold metallic'),
(5, 5, '2015-12-02 14:35:29', '2015-12-02 14:35:29', '461 Poli-flex Premium folie, Baby pink'),
(6, 6, '2015-12-02 14:35:29', '2015-12-02 14:35:29', '443 Poli-flex Premium folie, Neon pink'),
(7, 7, '2015-12-02 14:35:29', '2015-12-02 14:35:29', '405 Poli-flex Premium folie, Navy blue');

-- --------------------------------------------------------

--
-- Structure de la table `magento_product`
--

CREATE TABLE IF NOT EXISTS `magento_product` (
  `id` int(11) NOT NULL,
  `product_id` int(11) DEFAULT NULL,
  `product_type` varchar(255) COLLATE utf8_unicode_ci NOT NULL,
  `created_at` datetime NOT NULL,
  `updated_at` datetime NOT NULL,
  `name` varchar(255) COLLATE utf8_unicode_ci NOT NULL,
  `magento_id` int(11) NOT NULL
) ENGINE=InnoDB AUTO_INCREMENT=71 DEFAULT CHARSET=utf8 COLLATE=utf8_unicode_ci;

--
-- Contenu de la table `magento_product`
--

INSERT INTO `magento_product` (`id`, `product_id`, `product_type`, `created_at`, `updated_at`, `name`, `magento_id`) VALUES
(1, 1, 'configurable', '2015-12-03 08:53:08', '2015-12-03 08:53:08', 'TEST_1449129158_TEST_DFA_GI18500B', 129935),
(2, 1, 'simple', '2015-12-03 08:53:39', '2015-12-03 08:53:39', 'TEST_1449129158_TEST_DFA_GI18500B_S', 129936),
(3, 1, 'simple', '2015-12-03 08:54:09', '2015-12-03 08:54:09', 'TEST_1449129158_TEST_DFA_GI18500B_M', 129937),
(4, 1, 'simple', '2015-12-03 08:54:37', '2015-12-03 08:54:37', 'TEST_1449129158_TEST_DFA_GI18500B_L', 129938),
(5, 1, 'simple', '2015-12-03 08:55:07', '2015-12-03 08:55:07', 'TEST_1449129158_TEST_DFA_GI18500B_XL', 129939),
(6, 1, 'configurable', '2015-12-07 15:26:31', '2015-12-07 15:26:31', 'TEST_1449498391_TEST_DFA_GI18500B', 129940),
(7, 1, 'simple', '2015-12-07 15:27:49', '2015-12-07 15:27:49', 'TEST_1449498391_TEST_DFA_GI18500B_S', 129940),
(8, 1, 'simple', '2015-12-07 15:28:55', '2015-12-07 15:28:55', 'TEST_1449498391_TEST_DFA_GI18500B_M', 129940),
(9, 1, 'simple', '2015-12-07 15:30:01', '2015-12-07 15:30:01', 'TEST_1449498391_TEST_DFA_GI18500B_L', 129940),
(10, 1, 'simple', '2015-12-07 15:31:06', '2015-12-07 15:31:06', 'TEST_1449498391_TEST_DFA_GI18500B_XL', 129940),
(11, 1, 'configurable', '2015-12-09 17:22:19', '2015-12-09 17:22:19', 'TEST_1449678113_TEST_DFA_GI18500B', 129954),
(12, 1, 'simple', '2015-12-09 17:23:25', '2015-12-09 17:23:25', 'TEST_1449678113_TEST_DFA_GI18500B_S', 129955),
(13, 1, 'simple', '2015-12-09 17:23:37', '2015-12-09 17:23:37', 'TEST_1449678113_TEST_DFA_GI18500B_M', 129956),
(14, 1, 'simple', '2015-12-09 17:23:49', '2015-12-09 17:23:49', 'TEST_1449678113_TEST_DFA_GI18500B_L', 129957),
(15, 1, 'simple', '2015-12-09 17:24:01', '2015-12-09 17:24:01', 'TEST_1449678113_TEST_DFA_GI18500B_XL', 129958),
(16, 1, 'configurable', '2015-12-09 17:26:58', '2015-12-09 17:26:58', 'TEST_1449678408_TEST_DFA_GI18500B', 129960),
(17, 1, 'simple', '2015-12-09 17:27:05', '2015-12-09 17:27:05', 'TEST_1449678408_TEST_DFA_GI18500B_S', 129961),
(18, 1, 'simple', '2015-12-09 17:27:06', '2015-12-09 17:27:06', 'TEST_1449678408_TEST_DFA_GI18500B_M', 129962),
(19, 1, 'simple', '2015-12-09 17:27:07', '2015-12-09 17:27:07', 'TEST_1449678408_TEST_DFA_GI18500B_L', 129963),
(20, 1, 'simple', '2015-12-09 17:27:08', '2015-12-09 17:27:08', 'TEST_1449678408_TEST_DFA_GI18500B_XL', 129964),
(21, 1, 'simple', '2015-12-09 17:30:00', '2015-12-09 17:30:00', 'TEST_1449678599_TEST_DFA_GI18500B_S', 129965),
(22, 1, 'simple', '2015-12-09 17:30:01', '2015-12-09 17:30:01', 'TEST_1449678599_TEST_DFA_GI18500B_M', 129966),
(23, 1, 'simple', '2015-12-09 17:30:02', '2015-12-09 17:30:02', 'TEST_1449678599_TEST_DFA_GI18500B_L', 129967),
(24, 1, 'simple', '2015-12-09 17:30:03', '2015-12-09 17:30:03', 'TEST_1449678599_TEST_DFA_GI18500B_XL', 129968),
(25, 1, 'configurable', '2015-12-09 17:30:04', '2015-12-09 17:30:04', 'TEST_1449678599_TEST_DFA_GI18500B', 129969),
(26, 1, 'simple', '2015-12-09 17:35:41', '2015-12-09 17:35:41', 'TEST_1449678940_TEST_DFA_GI18500B_S', 129975),
(27, 1, 'simple', '2015-12-09 17:35:42', '2015-12-09 17:35:42', 'TEST_1449678940_TEST_DFA_GI18500B_M', 129976),
(28, 1, 'simple', '2015-12-09 17:35:43', '2015-12-09 17:35:43', 'TEST_1449678940_TEST_DFA_GI18500B_L', 129977),
(29, 1, 'simple', '2015-12-09 17:35:44', '2015-12-09 17:35:44', 'TEST_1449678940_TEST_DFA_GI18500B_XL', 129978),
(30, 1, 'configurable', '2015-12-09 17:35:44', '2015-12-09 17:35:44', 'TEST_1449678940_TEST_DFA_GI18500B', 129979),
(31, 1, 'simple', '2015-12-09 18:28:49', '2015-12-09 18:28:49', 'TEST_1449682128_TEST_DFA_GI18500B_S', 129980),
(32, 1, 'simple', '2015-12-09 18:28:50', '2015-12-09 18:28:50', 'TEST_1449682128_TEST_DFA_GI18500B_M', 129981),
(33, 1, 'simple', '2015-12-09 18:28:51', '2015-12-09 18:28:51', 'TEST_1449682128_TEST_DFA_GI18500B_L', 129982),
(34, 1, 'simple', '2015-12-09 18:28:51', '2015-12-09 18:28:51', 'TEST_1449682128_TEST_DFA_GI18500B_XL', 129983),
(35, 1, 'configurable', '2015-12-09 18:28:52', '2015-12-09 18:28:52', 'TEST_1449682128_TEST_DFA_GI18500B', 129984),
(36, 1, 'simple', '2015-12-09 18:33:34', '2015-12-09 18:33:34', 'TEST_1449682413_TEST_DFA_GI18500B_S', 129985),
(37, 1, 'simple', '2015-12-09 18:33:35', '2015-12-09 18:33:35', 'TEST_1449682413_TEST_DFA_GI18500B_M', 129986),
(38, 1, 'simple', '2015-12-09 18:33:37', '2015-12-09 18:33:37', 'TEST_1449682413_TEST_DFA_GI18500B_L', 129987),
(39, 1, 'simple', '2015-12-09 18:33:39', '2015-12-09 18:33:39', 'TEST_1449682413_TEST_DFA_GI18500B_XL', 129988),
(40, 1, 'configurable', '2015-12-09 18:33:41', '2015-12-09 18:33:41', 'TEST_1449682413_TEST_DFA_GI18500B', 129989),
(41, 1, 'simple', '2015-12-09 18:35:51', '2015-12-09 18:35:51', 'TEST_1449682549_TEST_DFA_GI18500B_S', 129990),
(42, 1, 'simple', '2015-12-09 18:35:52', '2015-12-09 18:35:52', 'TEST_1449682549_TEST_DFA_GI18500B_M', 129991),
(43, 1, 'simple', '2015-12-09 18:35:53', '2015-12-09 18:35:53', 'TEST_1449682549_TEST_DFA_GI18500B_L', 129992),
(44, 1, 'simple', '2015-12-09 18:35:53', '2015-12-09 18:35:53', 'TEST_1449682549_TEST_DFA_GI18500B_XL', 129993),
(45, 1, 'configurable', '2015-12-09 18:35:54', '2015-12-09 18:35:54', 'TEST_1449682549_TEST_DFA_GI18500B', 129994),
(46, 1, 'simple', '2015-12-09 18:39:12', '2015-12-09 18:39:12', 'TEST_1449682751_TEST_DFA_GI18500B_S', 129995),
(47, 1, 'simple', '2015-12-09 18:39:13', '2015-12-09 18:39:13', 'TEST_1449682751_TEST_DFA_GI18500B_M', 129996),
(48, 1, 'simple', '2015-12-09 18:39:14', '2015-12-09 18:39:14', 'TEST_1449682751_TEST_DFA_GI18500B_L', 129997),
(49, 1, 'simple', '2015-12-09 18:39:14', '2015-12-09 18:39:14', 'TEST_1449682751_TEST_DFA_GI18500B_XL', 129998),
(50, 1, 'configurable', '2015-12-09 18:39:16', '2015-12-09 18:39:16', 'TEST_1449682751_TEST_DFA_GI18500B', 129999),
(51, 1, 'simple', '2015-12-10 14:32:11', '2015-12-10 14:32:11', 'TEST_1449754330_TEST_DFA_GI18500B_S', 130000),
(52, 1, 'simple', '2015-12-10 14:32:12', '2015-12-10 14:32:12', 'TEST_1449754330_TEST_DFA_GI18500B_M', 130001),
(53, 1, 'simple', '2015-12-10 14:32:13', '2015-12-10 14:32:13', 'TEST_1449754330_TEST_DFA_GI18500B_L', 130002),
(54, 1, 'simple', '2015-12-10 14:32:14', '2015-12-10 14:32:14', 'TEST_1449754330_TEST_DFA_GI18500B_XL', 130003),
(55, 1, 'configurable', '2015-12-10 14:32:14', '2015-12-10 14:32:14', 'TEST_1449754330_TEST_DFA_GI18500B', 130004),
(56, 1, 'simple', '2015-12-10 14:51:48', '2015-12-10 14:51:48', 'TEST_1449755507_TEST_DFA_GI18500B_S', 130009),
(57, 1, 'simple', '2015-12-10 14:51:49', '2015-12-10 14:51:49', 'TEST_1449755507_TEST_DFA_GI18500B_M', 130010),
(58, 1, 'simple', '2015-12-10 14:51:50', '2015-12-10 14:51:50', 'TEST_1449755507_TEST_DFA_GI18500B_L', 130011),
(59, 1, 'simple', '2015-12-10 14:51:51', '2015-12-10 14:51:51', 'TEST_1449755507_TEST_DFA_GI18500B_XL', 130012),
(60, 1, 'configurable', '2015-12-10 14:51:52', '2015-12-10 14:51:52', 'TEST_1449755507_TEST_DFA_GI18500B', 130013),
(61, 1, 'simple', '2015-12-10 18:50:49', '2015-12-10 18:50:49', 'TEST_1449769848_TEST_DFA_GI18500B_S', 130014),
(62, 1, 'simple', '2015-12-10 18:50:50', '2015-12-10 18:50:50', 'TEST_1449769848_TEST_DFA_GI18500B_M', 130015),
(63, 1, 'simple', '2015-12-10 18:50:52', '2015-12-10 18:50:52', 'TEST_1449769848_TEST_DFA_GI18500B_L', 130016),
(64, 1, 'simple', '2015-12-10 18:50:53', '2015-12-10 18:50:53', 'TEST_1449769848_TEST_DFA_GI18500B_XL', 130017),
(65, 1, 'configurable', '2015-12-10 18:50:54', '2015-12-10 18:50:54', 'TEST_1449769848_TEST_DFA_GI18500B', 130018),
(66, 1, 'simple', '2015-12-10 19:00:55', '2015-12-10 19:00:55', 'TEST_1449770454_TEST_DFA_GI18500B_S', 130019),
(67, 1, 'simple', '2015-12-10 19:00:56', '2015-12-10 19:00:56', 'TEST_1449770454_TEST_DFA_GI18500B_M', 130020),
(68, 1, 'simple', '2015-12-10 19:00:57', '2015-12-10 19:00:57', 'TEST_1449770454_TEST_DFA_GI18500B_L', 130021),
(69, 1, 'simple', '2015-12-10 19:00:58', '2015-12-10 19:00:58', 'TEST_1449770454_TEST_DFA_GI18500B_XL', 130022),
(70, 1, 'configurable', '2015-12-10 19:00:58', '2015-12-10 19:00:58', 'TEST_1449770454_TEST_DFA_GI18500B', 130023);

-- --------------------------------------------------------

--
-- Structure de la table `migration_versions`
--

CREATE TABLE IF NOT EXISTS `migration_versions` (
  `version` varchar(255) COLLATE utf8_unicode_ci NOT NULL
) ENGINE=InnoDB DEFAULT CHARSET=utf8 COLLATE=utf8_unicode_ci;

--
-- Contenu de la table `migration_versions`
--

INSERT INTO `migration_versions` (`version`) VALUES
('20151119112414'),
('20151124142331'),
('20151124150144'),
('20151124150404'),
('20151125182133'),
('20151125182525'),
('20151126160908'),
('20151126165325'),
('20151127165708'),
('20151130105858'),
('20151130122232'),
('20151130140321'),
('20151130142658'),
('20151130171846'),
('20151201143807'),
('20151201180614'),
('20151202141034'),
('20151202143947'),
('20151202144030'),
('20151202155334'),
('20151202165859'),
('20151202174748'),
('20151202231817'),
('20151203053318'),
('20151203053652'),
('20151203095802');

-- --------------------------------------------------------

--
-- Structure de la table `printing_method`
--

CREATE TABLE IF NOT EXISTS `printing_method` (
  `id` int(11) NOT NULL,
  `created_at` datetime NOT NULL,
  `updated_at` datetime NOT NULL,
  `name` varchar(255) COLLATE utf8_unicode_ci NOT NULL
) ENGINE=InnoDB AUTO_INCREMENT=11 DEFAULT CHARSET=utf8 COLLATE=utf8_unicode_ci;

--
-- Contenu de la table `printing_method`
--

INSERT INTO `printing_method` (`id`, `created_at`, `updated_at`, `name`) VALUES
(1, '2015-12-02 14:35:28', '2015-12-02 14:35:28', 'Digital'),
(2, '2015-12-02 14:35:28', '2015-12-02 14:35:28', 'Embroidery'),
(3, '2015-12-02 14:35:28', '2015-12-02 14:35:28', 'Flock Foil'),
(4, '2015-12-02 14:35:28', '2015-12-02 14:35:28', 'Sublimation'),
(5, '2015-12-02 14:35:28', '2015-12-02 14:35:28', 'Flex Foil'),
(6, '2015-12-02 14:35:28', '2015-12-02 14:35:28', 'Printing'),
(7, '2015-12-02 14:35:28', '2015-12-02 14:35:28', '3D Embroidery'),
(8, '2015-12-02 14:35:28', '2015-12-02 14:35:28', 'Transfer'),
(9, '2015-12-02 14:35:28', '2015-12-02 14:35:28', 'Patch Embroidery'),
(10, '2015-12-02 14:35:28', '2015-12-02 14:35:28', 'Application Embroidery');

-- --------------------------------------------------------

--
-- Structure de la table `product`
--

CREATE TABLE IF NOT EXISTS `product` (
  `id` int(11) NOT NULL,
  `support_id` int(11) DEFAULT NULL,
  `color_id` int(11) DEFAULT NULL,
  `printing_method_id` int(11) DEFAULT NULL,
  `bought_price` decimal(10,2) NOT NULL,
  `sell_price` decimal(10,2) NOT NULL,
  `artist_amount` decimal(10,2) NOT NULL,
  `created_at` datetime NOT NULL,
  `updated_at` datetime NOT NULL,
  `name` varchar(255) COLLATE utf8_unicode_ci NOT NULL,
  `sku_begin` varchar(255) COLLATE utf8_unicode_ci DEFAULT NULL,
  `ready_synchronization` tinyint(1) NOT NULL,
  `synchronizedAt` datetime DEFAULT NULL,
  `attribute_set_id` int(11) DEFAULT NULL,
  `design_color_id` int(11) DEFAULT NULL,
  `online_date` datetime NOT NULL,
  `special_price` decimal(10,2) NOT NULL,
  `is_pretreated` tinyint(1) NOT NULL,
  `design_cost_category` decimal(10,2) NOT NULL,
  `thumbnail_path` varchar(255) COLLATE utf8_unicode_ci DEFAULT NULL,
  `small_image_path` varchar(255) COLLATE utf8_unicode_ci DEFAULT NULL,
  `image_path` varchar(255) COLLATE utf8_unicode_ci DEFAULT NULL,
  `flat_image_path` varchar(255) COLLATE utf8_unicode_ci DEFAULT NULL
) ENGINE=InnoDB AUTO_INCREMENT=4 DEFAULT CHARSET=utf8 COLLATE=utf8_unicode_ci;

--
-- Contenu de la table `product`
--

INSERT INTO `product` (`id`, `support_id`, `color_id`, `printing_method_id`, `bought_price`, `sell_price`, `artist_amount`, `created_at`, `updated_at`, `name`, `sku_begin`, `ready_synchronization`, `synchronizedAt`, `attribute_set_id`, `design_color_id`, `online_date`, `special_price`, `is_pretreated`, `design_cost_category`, `thumbnail_path`, `small_image_path`, `image_path`, `flat_image_path`) VALUES
(1, 32, 5, 4, 1.23, 14.00, 123.00, '2015-12-02 15:53:38', '2015-12-03 10:25:35', 'test', 'TEST_DFA', 1, NULL, 9, 4, '2016-01-01 00:00:00', 120.00, 1, 123.00, '32566c4f7f5a45da936863dc5d7ca6ec.thumbnail.2015-12-03-10-25-09.jpeg', 'e81ec4f3b16379099c79a3d5cc346234.smallImage.2015-12-03-10-25-09.jpeg', 'a7ad241ea48e1ee4e1a5a0ed24c63fa1.image.2015-12-03-10-25-09.jpeg', 'b8fec710332369e7addae18bd05ef5c3.flatImage.2015-12-03-10-25-09.jpeg'),
(2, 5, 34, 5, 3.00, 40.00, 10.00, '2015-12-03 12:53:46', '2015-12-03 12:54:39', 'JE SUIS un test', 'JeSuisUnTest', 0, NULL, 9, 4, '2015-06-08 00:00:00', 29.00, 0, 23.00, 'd6a8444b50b4f8118c9358c63f8ca83a.thumbnail.2015-12-03-12-53-46.jpeg', 'b21f702bf86e022fdab69e9ffcdcb800.smallImage.2015-12-03-12-53-46.jpeg', 'eb978d367ed295026a0da582b240a25d.image.2015-12-03-12-53-46.jpeg', 'e05fb724363ec78282ef27347bf58f8b.flatImage.2015-12-03-12-53-46.jpeg'),
(3, 54, 9, 5, 10.00, 10.00, 23.00, '2015-12-07 11:19:55', '2015-12-07 11:20:12', 'Produit de test', 'ProductDeTest', 0, NULL, 9, 3, '2015-01-01 00:00:00', 10.00, 0, 12.00, '2009cdfe4a06e4ecbde67e43280982ab.thumbnail.2015-12-07-11-19-55.jpeg', '183164273fd715a4c87c073473d15d1f.smallImage.2015-12-07-11-19-55.jpeg', 'c7bcb47d401ee84ea65f25665290dab3.image.2015-12-07-11-19-55.jpeg', '0e15a9fdd9bf70aff1df1aa5efa1876e.flatImage.2015-12-07-11-19-55.jpeg');

-- --------------------------------------------------------

--
-- Structure de la table `product_category`
--

CREATE TABLE IF NOT EXISTS `product_category` (
  `product_id` int(11) NOT NULL,
  `category_id` int(11) NOT NULL
) ENGINE=InnoDB DEFAULT CHARSET=utf8 COLLATE=utf8_unicode_ci;

--
-- Contenu de la table `product_category`
--

INSERT INTO `product_category` (`product_id`, `category_id`) VALUES
(1, 99),
(1, 100),
(1, 102),
(1, 153),
(2, 101),
(2, 102),
(3, 101),
(3, 116);

-- --------------------------------------------------------

--
-- Structure de la table `product_country`
--

CREATE TABLE IF NOT EXISTS `product_country` (
  `product_id` int(11) NOT NULL,
  `country_id` int(11) NOT NULL
) ENGINE=InnoDB DEFAULT CHARSET=utf8 COLLATE=utf8_unicode_ci;

--
-- Contenu de la table `product_country`
--

INSERT INTO `product_country` (`product_id`, `country_id`) VALUES
(1, 5),
(2, 5),
(3, 5);

-- --------------------------------------------------------

--
-- Structure de la table `size`
--

CREATE TABLE IF NOT EXISTS `size` (
  `id` int(11) NOT NULL,
  `created_at` datetime NOT NULL,
  `updated_at` datetime NOT NULL,
  `name` varchar(255) COLLATE utf8_unicode_ci NOT NULL,
  `short_name` varchar(255) COLLATE utf8_unicode_ci NOT NULL,
  `magento_id` int(11) DEFAULT NULL
) ENGINE=InnoDB AUTO_INCREMENT=32 DEFAULT CHARSET=utf8 COLLATE=utf8_unicode_ci;

--
-- Contenu de la table `size`
--

INSERT INTO `size` (`id`, `created_at`, `updated_at`, `name`, `short_name`, `magento_id`) VALUES
(1, '2015-12-02 14:39:51', '2015-12-02 14:40:35', 'Large', 'L', 238),
(2, '2015-12-02 14:39:51', '2015-12-02 14:40:35', 'Medium', 'M', 239),
(3, '2015-12-02 14:39:51', '2015-12-02 14:40:35', 'Small', 'S', 240),
(4, '2015-12-02 14:39:51', '2015-12-02 14:40:35', 'ExtraLarge', 'XL', 355),
(5, '2015-12-02 14:39:51', '2015-12-02 14:40:35', 'ExtraSmall', 'XS', 354),
(6, '2015-12-02 14:39:51', '2015-12-02 14:40:35', 'OneSize', 'TU', 1492),
(7, '2015-12-02 14:39:52', '2015-12-02 14:39:52', 'ExtraSmal/Small', 'XSS', 0),
(8, '2015-12-02 14:39:52', '2015-12-02 14:39:52', 'Medium/Large', 'ML', 0),
(9, '2015-12-02 14:39:53', '2015-12-02 14:39:53', 'Year 2', 'Y2', 0),
(10, '2015-12-02 14:39:53', '2015-12-02 14:39:53', 'Year 4', 'Y4', 0),
(11, '2015-12-02 14:39:53', '2015-12-02 14:39:53', 'Year 6', 'Y6', 0),
(12, '2015-12-02 14:39:53', '2015-12-02 14:39:53', 'Year 8', 'Y8', 0),
(13, '2015-12-02 14:39:53', '2015-12-02 14:39:53', 'Year 10', 'Y10', 0),
(14, '2015-12-02 14:39:53', '2015-12-02 14:39:53', 'Year 12', 'Y12', 0),
(15, '2015-12-02 14:39:53', '2015-12-02 14:39:53', 'Month 3/6', 'M3/6', 0),
(16, '2015-12-02 14:39:53', '2015-12-02 14:39:53', 'Month 6/12', 'M6/12', 0),
(17, '2015-12-02 14:39:53', '2015-12-02 14:39:53', 'Month 12/18', 'M12/18', 0),
(18, '2015-12-02 14:39:56', '2015-12-02 14:39:56', 'Month 0/3', 'M0/3', 0),
(19, '2015-12-02 14:39:57', '2015-12-02 14:39:57', 'Month 18/24', 'M18/24', 0),
(20, '2015-12-02 14:39:58', '2015-12-02 14:40:35', '36', '36', 574),
(21, '2015-12-02 14:39:58', '2015-12-02 14:40:35', '37', '37', 573),
(22, '2015-12-02 14:39:58', '2015-12-02 14:40:35', '38', '38', 572),
(23, '2015-12-02 14:39:58', '2015-12-02 14:40:35', '39', '39', 571),
(24, '2015-12-02 14:39:58', '2015-12-02 14:40:35', '40', '40', 570),
(25, '2015-12-02 14:39:58', '2015-12-02 14:40:35', '41', '41', 569),
(26, '2015-12-02 14:39:58', '2015-12-02 14:40:35', '42', '42', 568),
(27, '2015-12-02 14:39:58', '2015-12-02 14:40:35', '43', '43', 567),
(28, '2015-12-02 14:39:59', '2015-12-02 14:40:35', '44', '44', 566),
(29, '2015-12-02 14:39:59', '2015-12-02 14:40:35', '45', '45', 565),
(30, '2015-12-02 14:40:02', '2015-12-02 14:40:02', 'S/M', 'SM', 0),
(31, '2015-12-02 14:40:03', '2015-12-02 14:40:03', 'ExtraExtraSmall', 'XXS', 0);

-- --------------------------------------------------------

--
-- Structure de la table `size_info`
--

CREATE TABLE IF NOT EXISTS `size_info` (
  `id` int(11) NOT NULL,
  `created_at` datetime NOT NULL,
  `updated_at` datetime NOT NULL,
  `name` varchar(255) COLLATE utf8_unicode_ci NOT NULL,
  `magento_id` int(11) DEFAULT NULL
) ENGINE=InnoDB AUTO_INCREMENT=26 DEFAULT CHARSET=utf8 COLLATE=utf8_unicode_ci;

--
-- Contenu de la table `size_info`
--

INSERT INTO `size_info` (`id`, `created_at`, `updated_at`, `name`, `magento_id`) VALUES
(1, '2015-12-03 02:53:58', '2015-12-03 02:53:58', 'Electronics Landing', 3),
(2, '2015-12-03 02:53:58', '2015-12-03 02:53:58', 'Cellphones Landing', 4),
(3, '2015-12-03 02:53:58', '2015-12-03 02:53:58', 'Footer Links', 5),
(4, '2015-12-03 02:53:58', '2015-12-03 02:53:58', 'Livraison', 6),
(5, '2015-12-03 02:53:58', '2015-12-03 02:53:58', 'Description Gains Invitation FR', 7),
(6, '2015-12-03 02:53:58', '2015-12-03 02:53:58', 'Image accueil login', 8),
(7, '2015-12-03 02:53:58', '2015-12-03 02:53:58', 'Invitation Gain Eng', 9),
(8, '2015-12-03 02:53:58', '2015-12-03 02:53:58', 'Invitation gain UK', 10),
(9, '2015-12-03 02:53:58', '2015-12-03 02:53:58', 'Sweat Gildan FR', 11),
(10, '2015-12-03 02:53:58', '2015-12-03 02:53:58', 'T-shirt Sol''s FR', 13),
(11, '2015-12-03 02:53:58', '2015-12-03 02:53:58', 'Sweat Gildan EU', 14),
(12, '2015-12-03 02:53:58', '2015-12-03 02:53:58', 'T-shirt Sol''s EN', 16),
(13, '2015-12-03 02:53:58', '2015-12-03 02:53:58', 'Crop top American Apparel FR', 17),
(14, '2015-12-03 02:53:58', '2015-12-03 02:53:58', 'Crop top American Apparel EU', 18),
(15, '2015-12-03 02:53:58', '2015-12-03 02:53:58', 'Débardeur American Apparel FR', 19),
(16, '2015-12-03 02:53:58', '2015-12-03 02:53:58', 'Débardeur American Apparel EU', 20),
(17, '2015-12-03 02:53:58', '2015-12-03 02:53:58', 'T-shirt Stanley Stella FR', 21),
(18, '2015-12-03 02:53:58', '2015-12-03 02:53:58', 'T-shirt Stanley Stella EU', 22),
(19, '2015-12-03 02:53:58', '2015-12-03 02:53:58', 'T-shirt Cotton Heritage', 23),
(20, '2015-12-03 02:53:58', '2015-12-03 02:53:58', 'Sweat Gildan US', 24),
(21, '2015-12-03 02:53:58', '2015-12-03 02:53:58', 'Crop top American Apparel US', 25),
(22, '2015-12-03 02:53:58', '2015-12-03 02:53:58', 'Débardeur American Apparel US', 26),
(23, '2015-12-03 02:53:58', '2015-12-03 02:53:58', 'T-shirt American Apparel', 27),
(24, '2015-12-03 02:53:58', '2015-12-03 02:53:58', 'T-shirt American Apparel', 28),
(25, '2015-12-03 02:53:58', '2015-12-03 02:53:58', 'T-shirt American Apparel', 29);

-- --------------------------------------------------------

--
-- Structure de la table `support`
--

CREATE TABLE IF NOT EXISTS `support` (
  `id` int(11) NOT NULL,
  `art_shop_id` int(11) NOT NULL,
  `created_at` datetime NOT NULL,
  `updated_at` datetime NOT NULL,
  `name` varchar(255) COLLATE utf8_unicode_ci NOT NULL,
  `custom_artwork` tinyint(1) NOT NULL DEFAULT '0',
  `category_artshop_id` int(11) DEFAULT NULL,
  `size_info_id` int(11) DEFAULT NULL,
  `description` longtext COLLATE utf8_unicode_ci
) ENGINE=InnoDB AUTO_INCREMENT=59 DEFAULT CHARSET=utf8 COLLATE=utf8_unicode_ci;

--
-- Contenu de la table `support`
--

INSERT INTO `support` (`id`, `art_shop_id`, `created_at`, `updated_at`, `name`, `custom_artwork`, `category_artshop_id`, `size_info_id`, `description`) VALUES
(2, 1, '2015-12-02 14:39:51', '2015-12-02 22:54:37', 'GI18000', 0, NULL, NULL, '<p>Je sjuis la description du support</p>'),
(3, 10, '2015-12-02 14:39:51', '2015-12-02 14:39:51', 'SOLS11500', 0, NULL, NULL, ''),
(4, 10, '2015-12-02 14:39:51', '2015-12-02 14:39:51', '2001', 0, NULL, NULL, ''),
(5, 1, '2015-12-02 14:39:51', '2015-12-02 14:39:51', 'GI18CAP', 0, NULL, NULL, ''),
(6, 6, '2015-12-02 14:39:51', '2015-12-02 14:39:51', 'CROPRSABB380', 0, NULL, NULL, ''),
(7, 6, '2015-12-02 14:39:51', '2015-12-02 14:39:51', 'CROP380', 0, NULL, NULL, ''),
(8, 11, '2015-12-02 14:39:51', '2015-12-02 14:39:51', 'TANK408', 0, NULL, NULL, ''),
(9, 14, '2015-12-02 14:39:51', '2015-12-02 14:39:51', 'TOTE549', 0, NULL, NULL, ''),
(10, 10, '2015-12-02 14:39:51', '2015-12-02 14:39:51', 'TSTAN45', 0, NULL, NULL, ''),
(11, 10, '2015-12-02 14:39:52', '2015-12-02 14:39:52', 'TS401AA', 0, NULL, NULL, ''),
(12, 11, '2015-12-02 14:39:52', '2015-12-02 14:39:52', 'BB381', 0, NULL, NULL, ''),
(13, 10, '2015-12-02 14:39:52', '2015-12-02 14:39:52', 'RSA2419', 0, NULL, NULL, ''),
(14, 10, '2015-12-02 14:39:52', '2015-12-02 14:39:52', 'BB354', 0, NULL, NULL, ''),
(15, 6, '2015-12-02 14:39:52', '2015-12-02 14:39:52', '8384', 0, NULL, NULL, ''),
(16, 11, '2015-12-02 14:39:52', '2015-12-02 14:39:52', 'TR408', 0, NULL, NULL, ''),
(17, 10, '2015-12-02 14:39:53', '2015-12-02 14:39:53', 'BB401', 0, NULL, NULL, ''),
(18, 10, '2015-12-02 14:39:53', '2015-12-02 14:39:53', 'STANACT', 0, NULL, NULL, ''),
(19, 1, '2015-12-02 14:39:53', '2015-12-02 14:39:53', 'GI18000B', 0, NULL, NULL, ''),
(20, 10, '2015-12-02 14:39:53', '2015-12-02 14:39:53', 'SOLS11970', 0, NULL, NULL, ''),
(21, 10, '2015-12-02 14:39:53', '2015-12-02 14:39:53', 'SOLS11969', 0, NULL, NULL, ''),
(22, 10, '2015-12-02 14:39:53', '2015-12-02 14:39:53', 'AA1403', 0, NULL, NULL, ''),
(23, 10, '2015-12-02 14:39:54', '2015-12-02 14:39:54', 'AA2007', 0, NULL, NULL, ''),
(24, 10, '2015-12-02 14:39:54', '2015-12-02 14:39:54', 'TR407', 0, NULL, NULL, ''),
(25, 1, '2015-12-02 14:39:54', '2015-12-02 14:39:54', 'BB453', 0, NULL, NULL, ''),
(26, 8, '2015-12-02 14:39:54', '2015-12-02 14:39:54', 'MUG1', 0, NULL, NULL, ''),
(27, 5, '2015-12-02 14:39:55', '2015-12-02 14:39:55', 'KP112', 0, NULL, NULL, ''),
(28, 3, '2015-12-02 14:39:55', '2015-12-02 14:39:55', 'BEANIEB45', 0, NULL, NULL, ''),
(29, 10, '2015-12-02 14:39:55', '2015-12-02 14:39:55', 'SOLS01183', 0, NULL, NULL, ''),
(30, 10, '2015-12-02 14:39:56', '2015-12-02 14:39:56', 'EPB01', 0, NULL, NULL, ''),
(31, 4, '2015-12-02 14:39:56', '2015-12-02 14:39:56', 'EPB02', 0, NULL, NULL, ''),
(32, 1, '2015-12-02 14:39:56', '2015-12-03 02:54:38', 'GI18500B', 0, 10, 17, '<p>sdo</p>'),
(33, 16, '2015-12-02 14:39:56', '2015-12-02 14:39:56', 'SOLS70101', 0, NULL, NULL, ''),
(34, 15, '2015-12-02 14:39:56', '2015-12-02 14:39:56', 'BAVOIR4010', 0, NULL, NULL, ''),
(35, 3, '2015-12-02 14:39:56', '2015-12-02 14:39:56', 'BEANIEB45B', 0, NULL, NULL, ''),
(36, 10, '2015-12-02 14:39:56', '2015-12-02 14:39:56', 'BB053', 0, NULL, NULL, ''),
(37, 10, '2015-12-02 14:39:57', '2015-12-02 14:39:57', 'BB153', 0, NULL, NULL, ''),
(38, 10, '2015-12-02 14:39:57', '2015-12-02 14:39:57', 'BB253', 0, NULL, NULL, ''),
(39, 17, '2015-12-02 14:39:57', '2015-12-02 14:39:57', 'R204X', 0, NULL, NULL, ''),
(40, 11, '2015-12-02 14:39:58', '2015-12-02 14:39:58', 'TANKBE8803', 0, NULL, NULL, ''),
(41, 11, '2015-12-02 14:39:58', '2015-12-02 14:39:58', 'CROPBE8880', 0, NULL, NULL, ''),
(42, 5, '2015-12-02 14:39:58', '2015-12-02 14:39:58', 'BE660', 0, NULL, NULL, ''),
(43, 18, '2015-12-02 14:39:58', '2015-12-02 14:39:58', 'AMS05', 0, NULL, NULL, ''),
(44, 18, '2015-12-02 14:39:58', '2015-12-02 14:39:58', 'AMS04', 0, NULL, NULL, ''),
(45, 19, '2015-12-02 14:39:59', '2015-12-02 14:39:59', 'AA7301', 0, NULL, NULL, ''),
(46, 20, '2015-12-02 14:40:00', '2015-12-02 14:40:00', 'RNT48N', 0, NULL, NULL, ''),
(47, 11, '2015-12-02 14:40:00', '2015-12-02 14:40:00', 'BB108', 0, NULL, NULL, ''),
(48, 11, '2015-12-02 14:40:00', '2015-12-02 14:40:00', 'BB208', 0, NULL, NULL, ''),
(49, 5, '2015-12-02 14:40:00', '2015-12-02 14:40:00', 'BE658', 0, NULL, NULL, ''),
(50, 5, '2015-12-02 14:40:00', '2015-12-02 14:40:00', 'BE654', 0, NULL, NULL, ''),
(51, 21, '2015-12-02 14:40:02', '2015-12-02 14:40:02', 'GLOVESB490', 0, NULL, NULL, ''),
(52, 21, '2015-12-02 14:40:02', '2015-12-02 14:40:02', 'GLOVESB491', 0, NULL, NULL, ''),
(53, 22, '2015-12-02 14:40:03', '2015-12-02 14:40:03', 'BUCKETB689', 0, NULL, NULL, ''),
(54, 1, '2015-12-02 14:40:03', '2015-12-02 14:40:03', 'SWEAT5050', 0, NULL, NULL, ''),
(55, 10, '2015-12-02 14:40:05', '2015-12-02 14:40:05', 'TSHIRT5050', 0, NULL, NULL, ''),
(56, 11, '2015-12-02 14:40:06', '2015-12-02 14:40:06', 'TANK5050', 0, NULL, NULL, ''),
(57, 11, '2015-12-02 14:40:07', '2015-12-02 14:40:07', 'WTANK', 0, NULL, NULL, ''),
(58, 23, '2015-12-02 14:40:08', '2015-12-02 14:40:08', 'UMBKI2010', 0, NULL, NULL, '');

-- --------------------------------------------------------

--
-- Structure de la table `user`
--

CREATE TABLE IF NOT EXISTS `user` (
  `id` int(11) NOT NULL,
  `username` varchar(255) COLLATE utf8_unicode_ci NOT NULL,
  `username_canonical` varchar(255) COLLATE utf8_unicode_ci NOT NULL,
  `email` varchar(255) COLLATE utf8_unicode_ci NOT NULL,
  `email_canonical` varchar(255) COLLATE utf8_unicode_ci NOT NULL,
  `enabled` tinyint(1) NOT NULL,
  `salt` varchar(255) COLLATE utf8_unicode_ci NOT NULL,
  `password` varchar(255) COLLATE utf8_unicode_ci NOT NULL,
  `last_login` datetime DEFAULT NULL,
  `locked` tinyint(1) NOT NULL,
  `expired` tinyint(1) NOT NULL,
  `expires_at` datetime DEFAULT NULL,
  `confirmation_token` varchar(255) COLLATE utf8_unicode_ci DEFAULT NULL,
  `password_requested_at` datetime DEFAULT NULL,
  `roles` longtext COLLATE utf8_unicode_ci NOT NULL COMMENT '(DC2Type:array)',
  `credentials_expired` tinyint(1) NOT NULL,
  `credentials_expire_at` datetime DEFAULT NULL
) ENGINE=InnoDB AUTO_INCREMENT=2 DEFAULT CHARSET=utf8 COLLATE=utf8_unicode_ci;

--
-- Contenu de la table `user`
--

INSERT INTO `user` (`id`, `username`, `username_canonical`, `email`, `email_canonical`, `enabled`, `salt`, `password`, `last_login`, `locked`, `expired`, `expires_at`, `confirmation_token`, `password_requested_at`, `roles`, `credentials_expired`, `credentials_expire_at`) VALUES
(1, 'geoffrey', 'geoffrey', 'geoffrey@raaad.fr', 'geoffrey@raaad.fr', 1, '3skigyktkpusogkggow4wwg4w404gw8', '$2y$13$3skigyktkpusogkggow4wua0hwUt6Z26C1bosOV6DnNky2.pvA85S', '2015-12-09 16:30:19', 0, 0, NULL, NULL, NULL, 'a:1:{i:0;s:16:"ROLE_SUPER_ADMIN";}', 0, NULL);

--
-- Index pour les tables exportées
--

--
-- Index pour la table `attribute_set`
--
ALTER TABLE `attribute_set`
  ADD PRIMARY KEY (`id`);

--
-- Index pour la table `category`
--
ALTER TABLE `category`
  ADD PRIMARY KEY (`id`),
  ADD KEY `IDX_64C19C1727ACA70` (`parent_id`);

--
-- Index pour la table `category_artshop`
--
ALTER TABLE `category_artshop`
  ADD PRIMARY KEY (`id`);

--
-- Index pour la table `color`
--
ALTER TABLE `color`
  ADD PRIMARY KEY (`id`),
  ADD UNIQUE KEY `UNIQ_665648E93EE4B093` (`short_name`);

--
-- Index pour la table `country`
--
ALTER TABLE `country`
  ADD PRIMARY KEY (`id`),
  ADD UNIQUE KEY `UNIQ_5373C966A966E61` (`magento_store_id`);

--
-- Index pour la table `declinaison`
--
ALTER TABLE `declinaison`
  ADD PRIMARY KEY (`id`),
  ADD KEY `IDX_8E9AFFA17ADA1FB5` (`color_id`),
  ADD KEY `IDX_8E9AFFA1498DA827` (`size_id`),
  ADD KEY `IDX_8E9AFFA1315B405` (`support_id`);

--
-- Index pour la table `design_color`
--
ALTER TABLE `design_color`
  ADD PRIMARY KEY (`id`);

--
-- Index pour la table `magento_product`
--
ALTER TABLE `magento_product`
  ADD PRIMARY KEY (`id`),
  ADD KEY `IDX_7BA71594584665A` (`product_id`);

--
-- Index pour la table `migration_versions`
--
ALTER TABLE `migration_versions`
  ADD PRIMARY KEY (`version`);

--
-- Index pour la table `printing_method`
--
ALTER TABLE `printing_method`
  ADD PRIMARY KEY (`id`);

--
-- Index pour la table `product`
--
ALTER TABLE `product`
  ADD PRIMARY KEY (`id`),
  ADD KEY `IDX_D34A04AD315B405` (`support_id`),
  ADD KEY `IDX_D34A04AD7ADA1FB5` (`color_id`),
  ADD KEY `IDX_D34A04AD203BFB37` (`printing_method_id`),
  ADD KEY `IDX_D34A04AD321A2342` (`attribute_set_id`),
  ADD KEY `IDX_D34A04ADA1F87DF3` (`design_color_id`);

--
-- Index pour la table `product_category`
--
ALTER TABLE `product_category`
  ADD PRIMARY KEY (`product_id`,`category_id`),
  ADD KEY `IDX_CDFC73564584665A` (`product_id`),
  ADD KEY `IDX_CDFC735612469DE2` (`category_id`);

--
-- Index pour la table `product_country`
--
ALTER TABLE `product_country`
  ADD PRIMARY KEY (`product_id`,`country_id`),
  ADD KEY `IDX_82AAD2D64584665A` (`product_id`),
  ADD KEY `IDX_82AAD2D6F92F3E70` (`country_id`);

--
-- Index pour la table `size`
--
ALTER TABLE `size`
  ADD PRIMARY KEY (`id`),
  ADD UNIQUE KEY `UNIQ_F7C0246A3EE4B093` (`short_name`);

--
-- Index pour la table `size_info`
--
ALTER TABLE `size_info`
  ADD PRIMARY KEY (`id`);

--
-- Index pour la table `support`
--
ALTER TABLE `support`
  ADD PRIMARY KEY (`id`),
  ADD KEY `IDX_8004EBA5DD8438DC` (`category_artshop_id`),
  ADD KEY `IDX_8004EBA5B8E61380` (`size_info_id`);

--
-- Index pour la table `user`
--
ALTER TABLE `user`
  ADD PRIMARY KEY (`id`),
  ADD UNIQUE KEY `UNIQ_8D93D64992FC23A8` (`username_canonical`),
  ADD UNIQUE KEY `UNIQ_8D93D649A0D96FBF` (`email_canonical`);

--
-- AUTO_INCREMENT pour les tables exportées
--

--
-- AUTO_INCREMENT pour la table `attribute_set`
--
ALTER TABLE `attribute_set`
  MODIFY `id` int(11) NOT NULL AUTO_INCREMENT,AUTO_INCREMENT=11;
--
-- AUTO_INCREMENT pour la table `category`
--
ALTER TABLE `category`
  MODIFY `id` int(11) NOT NULL AUTO_INCREMENT,AUTO_INCREMENT=171;
--
-- AUTO_INCREMENT pour la table `category_artshop`
--
ALTER TABLE `category_artshop`
  MODIFY `id` int(11) NOT NULL AUTO_INCREMENT,AUTO_INCREMENT=38;
--
-- AUTO_INCREMENT pour la table `color`
--
ALTER TABLE `color`
  MODIFY `id` int(11) NOT NULL AUTO_INCREMENT,AUTO_INCREMENT=48;
--
-- AUTO_INCREMENT pour la table `country`
--
ALTER TABLE `country`
  MODIFY `id` int(11) NOT NULL AUTO_INCREMENT,AUTO_INCREMENT=9;
--
-- AUTO_INCREMENT pour la table `declinaison`
--
ALTER TABLE `declinaison`
  MODIFY `id` int(11) NOT NULL AUTO_INCREMENT,AUTO_INCREMENT=507;
--
-- AUTO_INCREMENT pour la table `design_color`
--
ALTER TABLE `design_color`
  MODIFY `id` int(11) NOT NULL AUTO_INCREMENT,AUTO_INCREMENT=8;
--
-- AUTO_INCREMENT pour la table `magento_product`
--
ALTER TABLE `magento_product`
  MODIFY `id` int(11) NOT NULL AUTO_INCREMENT,AUTO_INCREMENT=71;
--
-- AUTO_INCREMENT pour la table `printing_method`
--
ALTER TABLE `printing_method`
  MODIFY `id` int(11) NOT NULL AUTO_INCREMENT,AUTO_INCREMENT=11;
--
-- AUTO_INCREMENT pour la table `product`
--
ALTER TABLE `product`
  MODIFY `id` int(11) NOT NULL AUTO_INCREMENT,AUTO_INCREMENT=4;
--
-- AUTO_INCREMENT pour la table `size`
--
ALTER TABLE `size`
  MODIFY `id` int(11) NOT NULL AUTO_INCREMENT,AUTO_INCREMENT=32;
--
-- AUTO_INCREMENT pour la table `size_info`
--
ALTER TABLE `size_info`
  MODIFY `id` int(11) NOT NULL AUTO_INCREMENT,AUTO_INCREMENT=26;
--
-- AUTO_INCREMENT pour la table `support`
--
ALTER TABLE `support`
  MODIFY `id` int(11) NOT NULL AUTO_INCREMENT,AUTO_INCREMENT=59;
--
-- AUTO_INCREMENT pour la table `user`
--
ALTER TABLE `user`
  MODIFY `id` int(11) NOT NULL AUTO_INCREMENT,AUTO_INCREMENT=2;
--
-- Contraintes pour les tables exportées
--

--
-- Contraintes pour la table `category`
--
ALTER TABLE `category`
  ADD CONSTRAINT `FK_64C19C1727ACA70` FOREIGN KEY (`parent_id`) REFERENCES `category` (`id`);

--
-- Contraintes pour la table `declinaison`
--
ALTER TABLE `declinaison`
  ADD CONSTRAINT `FK_1871D2A5315B405` FOREIGN KEY (`support_id`) REFERENCES `support` (`id`),
  ADD CONSTRAINT `FK_1871D2A5498DA827` FOREIGN KEY (`size_id`) REFERENCES `size` (`id`),
  ADD CONSTRAINT `FK_1871D2A57ADA1FB5` FOREIGN KEY (`color_id`) REFERENCES `color` (`id`);

--
-- Contraintes pour la table `magento_product`
--
ALTER TABLE `magento_product`
  ADD CONSTRAINT `FK_7BA71594584665A` FOREIGN KEY (`product_id`) REFERENCES `product` (`id`);

--
-- Contraintes pour la table `product`
--
ALTER TABLE `product`
  ADD CONSTRAINT `FK_D34A04AD203BFB37` FOREIGN KEY (`printing_method_id`) REFERENCES `printing_method` (`id`),
  ADD CONSTRAINT `FK_D34A04AD315B405` FOREIGN KEY (`support_id`) REFERENCES `support` (`id`),
  ADD CONSTRAINT `FK_D34A04AD321A2342` FOREIGN KEY (`attribute_set_id`) REFERENCES `attribute_set` (`id`),
  ADD CONSTRAINT `FK_D34A04AD7ADA1FB5` FOREIGN KEY (`color_id`) REFERENCES `color` (`id`),
  ADD CONSTRAINT `FK_D34A04ADA1F87DF3` FOREIGN KEY (`design_color_id`) REFERENCES `design_color` (`id`);

--
-- Contraintes pour la table `product_category`
--
ALTER TABLE `product_category`
  ADD CONSTRAINT `FK_CDFC735612469DE2` FOREIGN KEY (`category_id`) REFERENCES `category` (`id`) ON DELETE CASCADE,
  ADD CONSTRAINT `FK_CDFC73564584665A` FOREIGN KEY (`product_id`) REFERENCES `product` (`id`) ON DELETE CASCADE;

--
-- Contraintes pour la table `product_country`
--
ALTER TABLE `product_country`
  ADD CONSTRAINT `FK_82AAD2D64584665A` FOREIGN KEY (`product_id`) REFERENCES `product` (`id`) ON DELETE CASCADE,
  ADD CONSTRAINT `FK_82AAD2D6F92F3E70` FOREIGN KEY (`country_id`) REFERENCES `country` (`id`) ON DELETE CASCADE;

--
-- Contraintes pour la table `support`
--
ALTER TABLE `support`
  ADD CONSTRAINT `FK_8004EBA5B8E61380` FOREIGN KEY (`size_info_id`) REFERENCES `size_info` (`id`),
  ADD CONSTRAINT `FK_8004EBA5DD8438DC` FOREIGN KEY (`category_artshop_id`) REFERENCES `category_artshop` (`id`);

